listing_id,city,locality_tier,bhk,area_sqft,age_years,floor_number,total_floors,distance_to_metro_km,amenity_score,furnishing,parking_spots,is_corner_unit,maintenance_monthly_inr,broker_experience_years,num_photos_uploaded,listing_agent_photo_quality_score,festival_season_listing,listed_price_lakhs,days_on_market,discount_from_listing_pct,final_sale_price_lakhs,sold_within_45_days
NH-00372,Hyderabad,2,2,1161,14,18,21,2.41,9.4,Semi-Furnished,1,0,6640,20,12,4.6,1,73.7,13,3.09,71.42,1
NH-00124,Bengaluru,3,4,2028,14,4,6,2.38,7,Unfurnished,0,0,9920,10,14,7.4,1,105.36,85,6.11,98.92,0
NH-00290,Pune,2,3,1615,3,19,21,15,6.4,Fully-Furnished,2,0,6830,4,14,5.9,0,90.04,134,5.07,85.47,0
NH-01271,Bengaluru,3,3,1572,3,4,4,0.61,3.9,Semi-Furnished,1,1,5550,11,16,5.7,0,96.54,94,5.16,91.56,0
NH-00353,Pune,2,2,902,10,10,11,2.09,7.4,Unfurnished,1,0,4030,13,19,5.3,1,60.51,17,2.58,58.95,1
NH-01386,Bengaluru,2,3,1567,8,7,20,5.65,4.6,Fully-Furnished,0,0,5790,4,13,7.9,0,106.03,58,1.76,104.16,0
NH-00094,Pune,2,1,654,15,8,13,5.58,5,Fully-Furnished,0,0,2720,6,10,5.5,0,37.76,132,9.12,34.32,0
NH-00612,Bengaluru,1,2,915,15,6,16,6.76,6,Unfurnished,2,1,6330,15,14,5.2,0,75.52,66,5.17,71.62,0
NH-01322,Hyderabad,1,3,1302,14,4,28,0.57,1.9,Unfurnished,1,0,4730,7,22,5.4,0,83.17,44,3.87,79.95,1
NH-00515,Bengaluru,2,3,1487,3,4,9,1.07,7.6,Unfurnished,1,0,6740,6,13,7.4,1,120.07,15,2.56,117,1
NH-00310,Pune,1,3,1589,30,15,20,5.96,6.4,Fully-Furnished,1,0,6480,12,21,8.9,1,118.49,66,7.82,109.22,0
NH-00789,Bengaluru,3,4,2101,7,7,9,3.33,6.9,Unfurnished,1,0,7560,14,24,6.7,1,133.81,40,6.41,125.23,1
NH-00617,Hyderabad,1,2,912,3,8,18,4.85,2.8,Fully-Furnished,1,0,3000,9,23,4.7,0,71.71,59,6.97,66.71,0
NH-00708,Bengaluru,1,3,1746,14,19,20,0.21,4.1,Unfurnished,2,0,6430,2,28,7.2,1,149.45,36,2.79,145.28,1
NH-00246,Hyderabad,2,2,1042,14,11,11,1.32,4.6,Fully-Furnished,0,0,2470,8,16,8.9,0,61.1,47,3.55,58.93,0
NH-00874,Hyderabad,3,2,945,14,8,14,10.69,5.6,Unfurnished,2,1,5310,22,12,8,1,33.49,46,2.7,32.59,0
NH-01245,Hyderabad,1,1,680,38,21,22,1.66,3.1,Fully-Furnished,1,0,2730,13,20,5.4,1,41.12,28,4.27,39.36,1
NH-00450,Hyderabad,1,2,822,7,21,31,0.7,3.2,Semi-Furnished,1,0,2620,15,20,4.8,0,65.01,37,3.11,62.99,1
NH-01164,Pune,2,3,1480,15,9,9,4.01,4.5,Fully-Furnished,2,0,5220,6,13,5.2,0,97.25,36,6.62,90.81,1
NH-00023,Bengaluru,3,2,1129,13,12,12,0.8,5.4,Unfurnished,2,1,4370,10,11,5.3,0,67.5,264,14.05,58.02,0
NH-00756,Hyderabad,2,2,904,23,1,5,2.41,6.4,Unfurnished,1,0,3930,7,18,6.6,0,43.5,44,3.72,41.88,1
NH-00350,Hyderabad,3,3,1629,7,13,13,0.91,7.4,Semi-Furnished,1,0,8250,15,10,3.8,1,81.28,38,4.03,78,1
NH-00727,Hyderabad,2,2,1044,13,19,21,0.2,4.5,Unfurnished,1,0,4280,6,16,7.1,0,61.13,37,5.7,57.65,1
NH-00341,Hyderabad,2,1,565,10,7,10,1.99,2.4,Unfurnished,1,0,1470,6,10,4.8,1,27.75,27,1.74,27.27,1
NH-00906,Bengaluru,2,2,1005,27,12,15,10.79,8.4,Unfurnished,2,0,5830,7,10,8.3,1,55.62,49,6.08,52.24,0
NH-01028,Bengaluru,3,4,1841,26,5,7,15,0.8,Fully-Furnished,2,0,5300,6,14,5.9,0,70.22,152,9.47,63.57,0
NH-00700,Pune,2,3,1566,9,10,13,2.53,5.3,Unfurnished,0,0,5180,12,18,5.1,1,89.8,26,0.77,89.11,1
NH-00043,Bengaluru,3,1,512,4,10,12,1.79,4.8,Semi-Furnished,1,0,2130,21,11,6.7,0,30.32,22,3.34,29.31,1
NH-00202,Bengaluru,3,2,952,38,8,13,0.91,2.7,Unfurnished,1,0,2420,12,13,6.9,0,38.29,53,3.89,36.8,0
NH-00897,Hyderabad,2,3,1294,14,1,24,7.36,3.2,Fully-Furnished,2,1,6150,7,16,4.2,0,66.38,151,8.19,60.94,0
NH-00772,Hyderabad,1,2,1197,11,8,13,9.58,6.2,Unfurnished,1,0,4540,3,17,8.8,1,64.77,22,2.69,63.03,1
NH-00373,Bengaluru,2,3,1656,19,16,25,1.82,1.6,Semi-Furnished,1,0,4790,11,11,8.3,0,94.17,21,2.11,92.18,1
NH-01032,Bengaluru,2,1,514,8,9,14,0.81,6.7,Fully-Furnished,1,1,2810,25,15,6.3,1,45.93,40,3.91,44.13,1
NH-00960,Pune,2,2,948,16,3,10,5.67,6.7,Semi-Furnished,1,0,4140,6,15,9.3,0,48.92,52,0.63,48.61,0
NH-00240,Pune,1,2,890,6,18,21,1.49,3.9,Fully-Furnished,2,0,4010,9,18,7.1,1,82.73,12,2.29,80.84,1
NH-01006,Pune,2,2,1012,13,1,6,0.21,7.9,Unfurnished,1,0,3010,4,17,4,0,65.87,24,4.06,63.2,1
NH-01171,Pune,2,2,1163,11,3,9,5.98,3.2,Unfurnished,1,0,4160,14,10,6,0,59.9,149,6.39,56.07,0
NH-00986,Pune,3,2,996,28,5,13,3.48,4.6,Unfurnished,1,1,3350,8,5,4.6,0,44.76,206,14.28,38.37,0
NH-00787,Bengaluru,3,1,606,26,2,7,3.56,5.1,Unfurnished,1,0,2710,7,9,8,0,26.93,18,3.55,25.97,1
NH-00950,Bengaluru,2,3,1768,14,9,13,1.3,3,Unfurnished,1,0,7270,9,9,5.4,0,114.06,152,5.34,107.97,0
NH-00822,Bengaluru,3,1,665,29,9,11,0.6,2.6,Unfurnished,1,1,2120,17,21,6.4,0,30.68,32,3.66,29.56,1
NH-00089,Hyderabad,3,4,2261,6,13,14,9.6,4,Fully-Furnished,1,0,8130,7,15,7,0,100.37,117,6.01,94.34,0
NH-00551,Pune,3,4,1886,23,2,9,0.52,4.1,Unfurnished,2,0,5380,10,12,6.3,0,73.91,31,1.78,72.59,1
NH-00697,Bengaluru,2,4,2165,7,2,10,3.58,6.6,Semi-Furnished,1,0,9290,7,12,4.9,0,179.85,61,5.26,170.39,0
NH-00108,Bengaluru,2,2,997,9,4,21,11.78,5,Semi-Furnished,1,0,4140,7,14,5.3,1,56.11,31,2.99,54.43,1
NH-00083,Hyderabad,3,3,1427,14,9,9,3.55,3.8,Semi-Furnished,1,0,4170,10,13,4.4,0,56.34,134,6.89,52.46,0
NH-00071,Bengaluru,2,1,587,4,7,9,4.04,8.1,Unfurnished,1,0,2320,6,9,6.3,1,43.14,16,2.84,41.91,1
NH-00501,Bengaluru,3,1,542,22,9,10,9.7,0,Semi-Furnished,2,0,1710,8,8,7.1,1,19.28,33,1.94,18.91,1
NH-00998,Bengaluru,1,2,1030,6,6,17,6.87,7.6,Semi-Furnished,1,0,4180,25,17,5.5,0,95.89,7,3.8,92.25,1
NH-00562,Bengaluru,1,2,1112,18,8,12,3.26,8.1,Fully-Furnished,0,0,5620,20,15,3,0,100.25,41,2.24,98,1
NH-00280,Pune,3,2,979,14,4,11,8.67,3.4,Semi-Furnished,1,0,3840,3,15,8.4,0,38.62,114,8.57,35.31,0
NH-01296,Bengaluru,1,3,1909,11,11,11,0.55,5,Semi-Furnished,2,0,7170,14,12,6.1,1,208.47,46,3.79,200.57,0
NH-00825,Hyderabad,3,3,1459,8,1,4,2.81,6.3,Semi-Furnished,2,0,7110,9,13,6.3,1,69.34,36,4.27,66.38,1
NH-00647,Pune,2,3,1646,13,13,24,13.02,5.1,Fully-Furnished,2,0,8710,22,12,4.6,0,78.94,96,1.81,77.51,0
NH-01179,Pune,2,3,1663,27,11,22,0.26,4.6,Unfurnished,1,0,6940,8,14,5.9,0,97.36,86,9.32,88.29,0
NH-01345,Pune,1,2,1073,10,21,21,1.51,7.7,Unfurnished,1,1,3430,16,18,7.3,0,88.29,11,0,88.29,1
NH-00619,Bengaluru,3,3,1340,10,5,10,0.78,3.4,Unfurnished,2,1,4660,4,16,8.1,1,72.55,29,2.22,70.94,1
NH-01215,Bengaluru,3,3,1494,8,5,6,14.53,5.8,Semi-Furnished,1,0,5370,9,10,4.5,0,62.2,64,2.02,60.94,0
NH-00554,Pune,3,3,1686,22,8,8,0.72,4.4,Semi-Furnished,2,0,8870,1,13,5.7,1,50.08,14,3.71,48.22,1
NH-01326,Pune,2,2,936,24,11,22,1.46,5.1,Semi-Furnished,2,0,3600,10,15,7.9,1,50.86,44,2.33,49.67,1
NH-01094,Bengaluru,2,3,1458,9,16,16,4.15,9.3,Unfurnished,2,1,6260,6,15,5.6,0,118.05,90,7.29,109.44,0
NH-00465,Pune,2,2,978,11,16,20,3.69,5,Unfurnished,1,0,2570,12,12,6.2,1,57.34,21,1.58,56.43,1
NH-00178,Hyderabad,1,2,1112,11,6,10,2.54,7.1,Semi-Furnished,1,1,4610,7,16,5.6,0,89.44,89,7.42,82.8,0
NH-00790,Bengaluru,2,3,1255,10,1,14,0.34,6.9,Unfurnished,1,0,4880,1,14,9.1,1,87.74,35,2.44,85.6,1
NH-01029,Hyderabad,2,2,968,16,5,10,1.72,,Fully-Furnished,1,0,3460,13,7,3.7,1,52.5,82,5.68,49.52,0
NH-00751,Pune,1,2,981,7,1,9,0.52,4.7,Semi-Furnished,1,0,3590,15,18,3.6,1,84.93,11,1.54,83.62,1
NH-01134,Hyderabad,1,1,659,3,29,35,1.4,3,Unfurnished,2,0,2510,21,17,4.7,0,51.07,42,3.54,49.26,1
NH-00483,Pune,3,1,602,13,8,9,7.14,0.5,Fully-Furnished,0,1,1600,8,7,6.1,0,25.86,129,10.85,23.05,0
NH-00790,Bengaluru,2,3,1255,10,1,14,0.34,6.9,Unfurnished,1,0,4880,1,14,9.1,1,87.74,35,2.44,85.6,1
NH-01253,Pune,2,3,1595,12,3,23,1.72,8.9,Semi-Furnished,1,0,6240,4,14,5.3,1,113.9,22,4.97,108.24,1
NH-00260,Pune,1,2,877,10,27,34,0.2,7,Semi-Furnished,1,0,2900,9,16,8,1,78.45,24,3.14,75.99,1
NH-00040,Pune,1,3,1539,15,14,24,0.2,1.3,Fully-Furnished,1,1,6130,8,18,6.8,0,115.82,43,3.42,111.86,1
NH-00044,Hyderabad,1,2,1022,38,15,22,2.44,5.3,Semi-Furnished,1,0,3560,7,16,2.7,0,56.49,86,2.97,54.81,0
NH-00626,Bengaluru,2,3,1449,8,11,18,2.64,5.1,Unfurnished,1,0,5140,9,16,6.7,0,104.75,150,7.3,97.1,0
NH-00593,Hyderabad,2,1,570,8,4,25,0.2,2.5,Fully-Furnished,1,0,2020,4,15,3.9,1,33.37,40,2.34,32.59,1
NH-01311,Hyderabad,1,1,733,30,9,31,1.05,4.2,Unfurnished,2,1,2490,5,20,7.4,0,56.43,35,10.35,50.59,1
NH-00769,Pune,2,1,566,3,2,15,0.2,6.6,Semi-Furnished,2,0,2010,6,18,8,0,43.28,80,7.08,40.22,0
NH-00325,Hyderabad,2,3,1271,13,1,10,0.54,7,Semi-Furnished,2,0,4130,9,16,9.5,1,74.68,43,2.6,72.74,1
NH-00247,Bengaluru,3,3,1193,27,8,8,6.24,7.1,Unfurnished,2,0,5610,13,11,5.1,0,50.05,35,4.76,47.67,1
NH-00136,Hyderabad,2,2,908,8,10,13,10.8,5.7,Semi-Furnished,0,0,3620,9,13,8.5,0,41.59,50,4.39,39.76,0
NH-00054,Hyderabad,2,4,1820,12,2,8,10.16,5.8,Semi-Furnished,1,0,7240,16,12,6.5,1,83.96,72,4.01,80.59,0
NH-00196,Bengaluru,1,1,473,13,14,16,0.21,7.5,Semi-Furnished,1,0,2410,9,10,5.9,0,45.89,28,2.64,44.68,1
NH-00679,Bengaluru,2,2,927,8,2,6,2.26,6.1,Unfurnished,0,0,3170,6,13,5.9,0,59.84,84,4.48,57.16,0
NH-00470,Pune,1,2,918,10,7,8,4.29,4,Fully-Furnished,0,0,3980,3,17,5.1,0,78.23,199,10.95,69.66,0
NH-01329,Bengaluru,2,3,1512,9,3,13,7.37,2.7,Fully-Furnished,2,0,5460,11,8,6.7,0,95.51,44,1.68,93.91,1
NH-00550,Hyderabad,3,3,1528,12,1,7,0.26,,Unfurnished,1,0,7700,13,18,10,0,63.16,40,5.82,59.48,1
NH-01009,Bengaluru,3,2,841,10,3,7,0.33,2.6,Semi-Furnished,2,0,2690,4,12,6,1,43.24,31,1.99,42.38,1
NH-00621,Bengaluru,1,1,589,6,27,32,7.09,7.8,Unfurnished,1,0,2370,11,16,5.2,0,52.06,27,2.21,50.91,1
NH-00326,Pune,2,2,1185,17,3,5,0.89,4.6,Unfurnished,2,0,4400,6,23,8.8,0,62.52,53,3.95,60.05,0
NH-01173,Pune,3,2,920,12,4,7,4.43,3,Fully-Furnished,1,0,3830,9,12,6.9,1,38.34,23,2.12,37.53,1
NH-00176,Hyderabad,2,2,1027,20,7,10,2.04,10,Semi-Furnished,1,0,5400,4,14,7.5,0,56.09,65,4.44,53.6,0
NH-00074,Pune,2,4,2183,25,4,21,5.59,5.3,Semi-Furnished,1,0,8880,5,15,5.6,0,147.28,106,13.97,126.7,0
NH-00919,Pune,2,1,727,4,16,17,1.3,1.6,Unfurnished,1,0,2260,5,11,5.9,0,43.85,113,7.1,40.74,0
NH-00985,Hyderabad,2,3,1117,16,12,17,6.05,5.1,Semi-Furnished,1,0,4920,6,22,6.5,1,58.16,22,2.22,56.87,1
NH-00128,Pune,2,4,2203,25,2,10,0.26,3.3,Unfurnished,2,0,9180,7,17,6.8,0,110.52,55,3.53,106.62,0
NH-01400,Pune,3,1,544,21,5,5,11.54,3.8,Semi-Furnished,0,0,2160,4,11,7,1,18.05,36,2.92,17.52,1
NH-00755,Hyderabad,2,1,676,28,19,20,0.95,1.2,Unfurnished,1,1,1800,9,8,7.5,0,33.95,60,4.36,32.47,0
NH-01305,Bengaluru,3,2,1084,14,3,13,7.68,4,Semi-Furnished,1,0,3710,6,14,8.3,0,52.54,63,4.65,50.1,0
NH-00578,Bengaluru,2,2,864,5,20,20,1.65,6.1,Unfurnished,2,0,2930,10,10,7.1,0,74.77,38,7.07,69.48,1
NH-00994,Bengaluru,1,1,511,9,17,29,0.24,6.2,Semi-Furnished,0,0,1670,6,24,7.4,0,52.07,12,3.53,50.23,1
NH-00974,Pune,1,2,1168,11,8,10,2.23,7.8,Unfurnished,2,0,4960,7,16,5.3,1,104.72,14,7.07,97.32,1
NH-01168,Pune,2,1,633,35,5,18,2.43,5.4,Unfurnished,1,0,2350,14,25,9.8,0,30.7,55,6.9,28.58,0
NH-00989,Bengaluru,2,2,1205,38,3,19,2.18,2,Semi-Furnished,2,0,5070,8,20,5.3,0,63.24,111,10.35,56.69,0
NH-00387,Bengaluru,2,1,460,24,13,25,6.18,4.1,Fully-Furnished,2,0,1260,6,12,7.3,0,24.59,35,2.85,23.89,1
NH-01112,Hyderabad,2,2,1150,3,3,10,0.22,7,Semi-Furnished,2,1,3100,3,18,8.4,1,84.68,22,2.44,82.61,1
NH-00217,Pune,3,2,950,25,3,4,8.93,2.4,Semi-Furnished,1,0,3410,5,10,4.3,0,31.38,136,6.27,29.41,0
NH-00636,Pune,3,4,2225,38,10,12,8,5.3,Unfurnished,2,0,10560,17,14,7.2,0,74.05,97,6.81,69.01,0
NH-00455,Bengaluru,2,1,589,12,11,14,4,7.2,Fully-Furnished,1,0,2480,12,12,6.7,0,44.88,84,6.19,42.1,0
NH-01149,Bengaluru,3,2,1039,13,3,5,2.2,6.2,Semi-Furnished,1,0,4590,4,11,6,0,57.7,76,7.58,53.33,0
NH-00452,Hyderabad,1,4,2382,13,17,27,2.8,2.6,Fully-Furnished,0,0,9480,23,13,4.8,0,192.14,68,2.79,186.78,0
NH-01005,Bengaluru,2,2,885,4,16,21,4.09,3.9,Unfurnished,1,0,2500,5,15,8.2,1,61.73,28,3.71,59.44,1
NH-00656,Hyderabad,2,2,1069,15,22,25,4.76,1.9,Unfurnished,1,0,3700,5,10,4.5,1,51.71,67,3.89,49.7,0
NH-00312,Pune,2,2,964,13,5,9,6.87,1.3,Semi-Furnished,2,1,3950,12,16,5.4,1,48.06,45,1.39,47.39,1
NH-00165,Bengaluru,3,2,911,28,2,4,2.31,2,Unfurnished,1,1,3000,13,15,4.5,0,38.18,189,8.8,34.82,0
NH-00776,Pune,2,1,613,5,9,18,7.78,3.3,Fully-Furnished,0,0,2220,7,13,10,1,35.42,33,4.53,33.82,1
NH-01039,Pune,2,3,1282,22,4,5,0.93,3.4,Fully-Furnished,1,0,5580,7,14,8.1,0,72.99,93,5.87,68.71,0
NH-01187,Bengaluru,2,2,1094,20,1,5,4.85,4.7,Semi-Furnished,2,0,4410,3,12,5.6,1,69.39,28,5.59,65.51,1
NH-01050,Bengaluru,1,2,1007,17,1,9,4.12,6.4,Semi-Furnished,1,1,5160,5,16,5.6,0,77.39,34,2.62,75.36,1
NH-01385,Bengaluru,1,2,1182,37,6,27,1.01,4.4,Unfurnished,1,0,4590,5,12,8.1,1,77.38,30,1.61,76.13,1
NH-00222,Pune,3,1,636,18,7,8,2.37,2.1,Unfurnished,1,1,2310,14,14,7.7,0,26.37,44,3.5,25.45,1
NH-01041,Bengaluru,3,2,1141,8,10,12,2.32,4.5,Semi-Furnished,2,1,3990,7,17,8.5,0,67.11,41,1.84,65.88,1
NH-00936,Pune,3,3,1173,11,5,6,3.04,4.8,Unfurnished,1,0,5040,4,13,6.2,0,52.57,69,4.14,50.39,0
NH-00042,Hyderabad,2,1,659,7,17,19,3.01,3.3,Unfurnished,1,0,2800,6,13,5.3,0,33.94,17,1.56,33.41,1
NH-00745,Bengaluru,1,2,1054,26,17,18,0.38,6.6,Fully-Furnished,1,0,4890,11,18,4.9,1,104.1,30,7.77,96.01,1
NH-01158,Pune,3,2,846,20,2,4,1.05,3.3,Semi-Furnished,0,0,3130,15,12,5.7,1,32.04,36,2.71,31.17,1
NH-00221,Hyderabad,2,2,880,11,8,11,3.73,5.2,Fully-Furnished,1,0,4140,3,11,7.7,0,54.54,45,5.3,51.65,1
NH-01364,Pune,2,4,2452,11,7,10,12.2,4.2,Semi-Furnished,1,0,7930,5,13,6.3,1,138.4,195,9.24,125.61,0
NH-01118,Bengaluru,3,2,858,27,6,9,0.79,3.2,Semi-Furnished,1,1,3110,11,15,3.8,0,46.38,172,12.23,40.71,0
NH-00027,Bengaluru,2,1,656,11,1,5,0.84,4.6,Semi-Furnished,1,0,2770,8,15,5,1,49.43,27,4.2,47.35,1
NH-00918,Pune,2,1,593,24,3,7,0.41,7,Fully-Furnished,1,1,2930,7,15,3.9,0,41.4,26,7.5,38.3,1
NH-00690,Hyderabad,3,2,1131,13,5,5,15,4.8,Unfurnished,0,1,3860,12,10,5.8,0,34.56,67,5.81,32.55,0
NH-00577,Hyderabad,3,2,1113,20,4,9,0.23,4.9,Fully-Furnished,1,0,3360,2,13,5.8,0,45.9,119,5.69,43.29,0
NH-00412,Hyderabad,1,2,1097,8,6,19,3.28,4.3,Fully-Furnished,0,1,5290,8,25,4.9,0,88.64,62,4.61,84.55,0
NH-00821,Hyderabad,3,4,2206,12,2,4,15,2.6,Semi-Furnished,1,1,6450,10,10,5.5,1,75.77,33,3.47,73.14,1
NH-00563,Hyderabad,1,4,2268,13,14,17,0.37,8,Fully-Furnished,1,1,9670,18,13,7.1,0,230.79,20,2.47,225.09,1
NH-00355,Bengaluru,1,4,2197,14,11,35,1.14,7.8,Unfurnished,1,0,9050,6,15,5.1,0,235.67,105,4.49,225.09,0
NH-00666,Pune,3,2,1048,17,4,11,3.24,7,Unfurnished,1,0,5180,2,9,6,0,42.95,60,3.12,41.61,0
NH-01242,Bengaluru,3,3,1277,15,3,4,3.07,5.2,Semi-Furnished,1,0,5090,19,10,4,0,59.66,33,2.41,58.22,1
NH-00263,Bengaluru,3,2,1004,27,1,5,9.69,3.8,Fully-Furnished,2,0,3990,10,12,6.1,0,43.7,180,10.08,39.3,0
NH-01066,Hyderabad,1,2,1058,21,1,10,3.66,6.4,Semi-Furnished,1,0,5890,7,11,5.8,0,85.65,50,11.7,75.63,0
NH-00347,Pune,3,4,1909,16,4,14,2.83,3.6,Fully-Furnished,1,0,7110,5,11,7.8,0,78.11,18,0.71,77.56,1
NH-01310,Pune,1,3,1388,5,4,12,0.84,4.7,Unfurnished,2,0,5440,6,21,5.1,0,119.66,32,2.25,116.97,1
NH-01259,Pune,2,3,1607,15,4,23,1.72,5.1,Semi-Furnished,1,0,7000,14,17,6.2,1,92.92,118,5.16,88.13,0
NH-00648,Bengaluru,1,4,2067,26,30,31,3.41,5.5,Fully-Furnished,1,0,8730,11,19,5.6,1,184.65,30,1.34,182.18,1
NH-00559,Bengaluru,1,4,1807,12,20,27,1.51,3.8,Unfurnished,2,0,6690,11,13,4.6,0,179.15,32,6.14,168.15,1
NH-00215,Hyderabad,2,3,1357,4,2,25,4.3,1.6,Semi-Furnished,1,1,5400,5,14,5.8,1,76.28,91,4.88,72.56,0
NH-00552,Bengaluru,2,2,1120,22,11,16,7.71,6.9,Fully-Furnished,1,0,5110,10,17,7.2,1,60.19,62,2.26,58.83,0
NH-00894,Bengaluru,3,3,1571,9,1,10,0.2,3.5,Semi-Furnished,1,0,5390,7,14,4.9,1,82.69,12,3.2,80.04,1
NH-00978,Pune,1,2,1121,16,10,14,1.59,5.6,Semi-Furnished,1,0,5200,5,16,7.2,1,85.45,31,1.56,84.12,1
NH-00295,Pune,2,3,1415,9,17,19,1.19,4.7,Semi-Furnished,1,0,4150,14,11,2.4,1,92.94,31,1.68,91.38,1
NH-01260,Hyderabad,3,2,1047,10,5,13,1.96,0.6,Unfurnished,1,0,3960,13,14,4.8,0,41.59,39,1.16,41.11,1
NH-01318,Pune,3,4,1819,16,1,12,6.89,4.4,Semi-Furnished,2,0,7400,4,5,4.5,1,76.07,124,7.76,70.17,0
NH-01025,Pune,2,1,560,10,1,5,2.15,4,Fully-Furnished,1,0,2910,13,12,5.6,0,32.46,61,1.35,32.02,0
NH-01196,Pune,2,2,990,21,6,7,3.91,4.7,Unfurnished,1,0,4150,5,17,5.6,0,53.7,75,6.35,50.29,0
NH-00321,Pune,2,3,1552,13,5,17,1.84,7.8,Fully-Furnished,2,1,6420,24,17,4.5,1,107.16,16,2.5,104.48,1
NH-00294,Bengaluru,3,3,1468,7,5,7,4.37,3.4,Unfurnished,1,0,6120,8,12,5.7,0,69.32,86,4.68,66.08,0
NH-00334,Hyderabad,1,1,680,12,20,27,3.27,6.7,Semi-Furnished,2,1,3470,6,16,4.1,0,56.44,43,0.83,55.97,1
NH-00665,Hyderabad,2,1,576,19,2,10,0.2,4.8,Unfurnished,1,0,2220,7,14,8.8,0,26.12,38,2.9,25.36,1
NH-00428,Bengaluru,1,2,958,5,7,9,3.14,4.8,Fully-Furnished,1,0,3370,8,23,7.5,0,100.87,33,3.42,97.42,1
NH-00743,Bengaluru,2,3,1479,3,11,17,1.13,4.9,Fully-Furnished,0,0,5710,10,13,6.7,1,120.55,28,4.72,114.86,1
NH-00045,Bengaluru,2,2,885,22,1,7,1.64,2.8,Fully-Furnished,1,1,3570,8,11,6.9,0,51.33,30,4.05,49.25,1
NH-00149,Bengaluru,3,2,916,15,5,5,1.48,5.9,Fully-Furnished,1,0,4150,6,10,6.7,0,45.32,35,0.55,45.07,1
NH-00693,Bengaluru,1,1,719,21,28,28,1.35,8.3,Unfurnished,0,0,3680,5,11,6.9,0,69.73,98,7.36,64.6,0
NH-01214,Bengaluru,1,4,2362,4,2,23,1.5,6.5,Fully-Furnished,1,0,12620,5,15,8.1,0,278.48,36,2.77,270.77,1
NH-00067,Bengaluru,2,2,948,12,21,24,0.99,5.1,Unfurnished,2,0,2860,7,10,3.6,0,71.88,70,5.77,67.73,0
NH-00864,Bengaluru,2,1,652,12,6,10,0.67,4.4,Unfurnished,1,0,3080,6,11,3,0,47.75,65,5.67,45.04,0
NH-00659,Bengaluru,2,2,1024,10,4,6,1.86,7.9,Fully-Furnished,2,0,4700,8,14,5.2,0,83.24,62,4.39,79.59,0
NH-00318,Bengaluru,2,3,1525,16,7,20,7.29,4.5,Unfurnished,1,0,7670,4,8,6.1,0,86.46,86,4.69,82.41,0
NH-01153,Hyderabad,3,3,1495,13,1,8,3.85,0.5,Semi-Furnished,2,0,6520,4,10,7,0,50.96,222,7.22,47.28,0
NH-00506,Bengaluru,1,3,1132,15,15,16,0.8,3.1,Unfurnished,1,0,4740,11,14,4.5,0,104.87,40,4.11,100.56,1
NH-00129,Hyderabad,2,4,2138,10,9,14,1.6,9.1,Fully-Furnished,0,0,8670,9,10,5.9,0,156.97,96,6.27,147.13,0
NH-00047,Bengaluru,1,1,539,19,8,21,0.39,7.7,Fully-Furnished,0,0,2390,12,8,6.7,0,50.99,15,0.66,50.65,1
NH-00696,Bengaluru,2,2,795,6,6,21,2.58,,Unfurnished,0,0,3300,8,11,5.1,0,55.07,40,2.27,53.82,1
NH-00607,Bengaluru,3,2,893,19,4,4,1.42,3.1,Semi-Furnished,1,0,4070,19,9,3.5,0,40.42,27,2.11,39.57,1
NH-01382,Hyderabad,3,2,1064,9,9,12,1,1.3,Fully-Furnished,0,1,4640,14,17,5.1,0,49.04,126,8.2,45.02,0
NH-00170,Bengaluru,2,3,1604,4,20,20,1.35,4.6,Unfurnished,1,0,7310,7,12,4.1,1,130.54,88,6.86,121.58,0
NH-00195,Pune,2,2,889,8,4,14,3.37,4.6,Semi-Furnished,2,0,4100,25,16,5.4,0,57.23,33,4.38,54.72,1
NH-00938,Hyderabad,2,1,527,14,4,13,4.6,4.9,Fully-Furnished,1,1,2360,3,7,6.2,0,27.83,34,0.17,27.78,1
NH-00256,Hyderabad,3,2,1047,9,1,7,1.79,3.1,Semi-Furnished,2,0,3220,15,6,6.1,0,42.01,81,3.42,40.57,0
NH-00364,Hyderabad,1,3,1674,5,1,13,0.88,5.1,Semi-Furnished,2,0,6380,14,15,6,1,139.5,28,2.58,135.9,1
NH-00459,Pune,2,2,987,38,7,20,0.25,3.8,Semi-Furnished,1,0,3730,2,16,5.7,0,51.86,73,7.95,47.74,0
NH-00320,Hyderabad,3,2,930,7,5,5,3.03,5.1,Fully-Furnished,2,0,3280,21,16,6.7,0,45.95,108,7.98,42.28,0
NH-00657,Bengaluru,3,3,1349,11,3,5,1.83,7.5,Unfurnished,2,0,6150,8,4,5.4,0,76.73,148,7.18,71.22,0
NH-00084,Pune,3,3,1366,5,2,7,5.6,9,Fully-Furnished,1,0,6200,15,14,7.1,1,69.3,25,2.11,67.84,1
NH-01058,Hyderabad,2,1,689,24,3,12,1.07,3.9,Semi-Furnished,2,1,2870,10,15,4.5,1,32.63,36,1.62,32.1,1
NH-00820,Pune,2,2,1014,5,10,18,6.09,5.8,Semi-Furnished,1,0,4840,3,8,5.3,0,64.45,88,5.35,61,0
NH-00673,Pune,2,3,1490,11,9,14,2.85,2.8,Unfurnished,1,0,5650,4,16,3.9,1,85.48,103,5.68,80.62,0
NH-00827,Hyderabad,1,3,1307,20,9,9,2.62,5.5,Semi-Furnished,1,0,6580,8,16,5.2,0,89.55,35,2.33,87.46,1
NH-00671,Pune,3,3,1281,38,10,11,3.83,2.1,Fully-Furnished,1,0,5240,1,5,4.4,0,44.28,72,4.25,42.4,0
NH-01056,Pune,1,1,605,14,27,30,0.75,3.1,Unfurnished,2,0,2110,11,21,5.1,0,50.54,53,4.05,48.49,0
NH-00068,Pune,1,1,493,33,15,19,0.39,3.6,Semi-Furnished,2,0,1880,5,24,5.4,0,35.21,61,7.08,32.72,0
NH-00473,Pune,1,3,1851,14,17,30,0.24,4.7,Semi-Furnished,1,1,7840,15,27,6.1,1,149.25,8,0,149.25,1
NH-00026,Hyderabad,2,4,2327,23,1,10,1.78,3.3,Fully-Furnished,1,0,9840,9,10,2.9,0,149.08,101,9.48,134.95,0
NH-00190,Hyderabad,1,2,1018,5,4,10,0.78,3.3,Unfurnished,0,0,3160,9,19,6.6,1,72.85,63,2.5,71.03,0
NH-00817,Hyderabad,2,2,978,20,3,19,2.13,5.3,Semi-Furnished,2,1,4250,9,14,7,0,47.64,12,0,47.64,1
NH-00710,Bengaluru,1,4,1985,1,10,18,1.97,7.2,Semi-Furnished,1,0,9970,5,17,4.9,0,224.89,74,3.04,218.05,0
NH-00926,Hyderabad,1,3,1458,11,8,30,1.54,6.9,Semi-Furnished,2,0,7640,10,19,5.1,0,116.43,48,4.74,110.91,0
NH-00725,Hyderabad,1,2,1044,8,7,20,0.62,6,Semi-Furnished,1,0,4940,10,19,6.9,1,83.51,29,2.48,81.44,1
NH-01313,Hyderabad,3,2,831,38,5,10,9.82,3.4,Semi-Furnished,1,0,2620,14,9,6,0,22.85,75,5.03,21.7,0
NH-01188,Bengaluru,3,4,1941,27,1,11,7.8,6.2,Unfurnished,1,0,9070,4,13,7.2,0,73.51,87,3.16,71.19,0
NH-00273,Pune,1,2,1117,12,10,10,0.78,2.6,Semi-Furnished,1,1,3820,13,15,5.4,0,92.49,55,3.82,88.96,0
NH-01047,Pune,3,1,601,11,6,10,0.36,7,Unfurnished,2,0,2300,11,17,4.9,1,29.52,39,3.1,28.6,1
NH-00081,Pune,2,1,696,18,7,9,15,8.5,Semi-Furnished,1,1,2840,4,11,5.9,0,35.23,273,14.35,30.17,0
NH-00570,Hyderabad,3,2,811,25,3,8,5.03,5.3,Unfurnished,1,0,3330,7,11,4.9,0,31.45,71,9.13,28.58,0
NH-00471,Hyderabad,2,3,1675,13,8,16,0.37,3.4,Unfurnished,1,1,6810,20,15,2.9,0,88.61,55,3.06,85.9,0
NH-00834,Hyderabad,1,3,1601,12,19,27,2.15,7.9,Semi-Furnished,2,0,7720,7,12,9.1,0,134.52,51,3.7,129.54,0
NH-00955,Hyderabad,2,4,2351,14,6,6,1.26,2.7,Semi-Furnished,1,0,8220,7,14,6.3,0,127.98,70,3.67,123.28,0
NH-01226,Bengaluru,2,3,1540,38,16,21,2.19,3.1,Semi-Furnished,1,0,5200,2,18,5.1,0,78.73,61,3.83,75.71,0
NH-00498,Hyderabad,1,4,2254,7,8,13,1.44,7.2,Unfurnished,1,0,9870,19,17,4.5,0,198.84,38,3.04,192.8,1
NH-00131,Hyderabad,2,3,1563,8,1,8,0.2,8.4,Fully-Furnished,1,0,8160,9,12,4.8,0,103.1,26,1.3,101.76,1
NH-00810,Hyderabad,1,1,575,1,25,35,2.6,7.4,Fully-Furnished,1,0,2770,12,16,4.5,0,50.13,37,3.9,48.17,1
NH-00715,Bengaluru,3,1,663,12,10,11,5.08,2.8,Semi-Furnished,2,1,2300,11,11,5.2,0,36,91,6.27,33.74,0
NH-00182,Pune,3,3,1659,29,7,10,6.14,0.9,Semi-Furnished,1,0,6550,11,7,8.5,1,55,230,9.04,50.03,0
NH-01120,Bengaluru,2,2,902,9,9,17,1.66,4.9,Semi-Furnished,1,0,4390,5,10,4.9,0,60.74,35,0.68,60.33,1
NH-00366,Bengaluru,1,4,2179,9,2,25,0.8,6.8,Unfurnished,2,0,7220,9,18,8.9,1,237.08,28,3.27,229.33,1
NH-00614,Pune,1,2,912,7,2,10,0.31,5.3,Unfurnished,2,0,3050,10,21,8.8,0,84.41,21,7.5,78.08,1
NH-00093,Bengaluru,2,3,1470,9,3,7,8.41,5.9,Unfurnished,1,1,6560,10,14,5.5,0,89.75,70,3.48,86.63,0
NH-00779,Bengaluru,2,1,581,6,15,17,1.16,7.3,Unfurnished,1,1,1840,21,20,5.6,0,48.18,14,3.32,46.58,1
NH-00251,Hyderabad,3,2,781,17,1,8,0.63,0,Fully-Furnished,1,1,2660,2,11,3.6,0,33.14,99,8.01,30.49,0
NH-00288,Bengaluru,3,1,477,13,7,8,0.48,3.6,Fully-Furnished,0,0,1850,7,12,4.4,1,24.58,26,2.81,23.89,1
NH-01198,Bengaluru,1,2,931,24,1,21,0.8,6,Fully-Furnished,1,0,4240,16,13,4.4,0,79.6,40,3.77,76.6,1
NH-00592,Bengaluru,3,2,1205,21,1,4,3.97,3.8,Unfurnished,0,0,4480,8,18,5.3,1,47.89,116,5.88,45.07,0
NH-01246,Pune,3,1,556,22,8,10,3.01,3.4,Semi-Furnished,2,0,2130,14,8,6.7,0,21.66,49,2.27,21.17,0
NH-00796,Pune,2,2,960,18,3,13,0.57,4.7,Unfurnished,2,0,3680,7,20,7,0,52.1,70,3.66,50.19,0
NH-00369,Hyderabad,1,1,714,34,19,28,1.16,2.3,Fully-Furnished,0,0,2450,13,15,4.7,0,40.29,49,2.75,39.18,0
NH-00062,Bengaluru,3,2,844,13,3,11,0.2,2.1,Unfurnished,2,1,2520,10,11,3.8,0,46.6,88,5.08,44.23,0
NH-00238,Pune,3,2,1056,6,7,8,4.76,4.3,Unfurnished,0,0,4740,5,13,6.3,1,48.47,81,6.51,45.31,0
NH-00332,Bengaluru,2,2,1129,12,20,24,0.62,7,Semi-Furnished,1,0,3990,16,22,6.7,1,81.45,28,2.48,79.43,1
NH-00573,Pune,2,2,795,12,5,23,7.12,3.6,Semi-Furnished,1,0,3280,16,14,6.6,0,40.95,61,3.47,39.53,0
NH-00845,Bengaluru,3,3,1285,5,10,11,1.13,2.3,Unfurnished,1,0,4600,9,11,8.5,0,66.09,47,3.08,64.05,0
NH-00218,Hyderabad,2,3,1370,3,11,13,5.57,3,Unfurnished,2,0,6100,9,21,4.5,0,79.58,103,6.1,74.73,0
NH-00513,Bengaluru,3,1,657,9,8,13,8.6,4.7,Semi-Furnished,1,0,3110,9,15,6.4,1,31.15,59,3.52,30.05,0
NH-00061,Pune,1,2,891,15,24,24,0.24,10,Unfurnished,0,0,4760,3,20,5,0,71.52,35,2.54,69.7,1
NH-00863,Bengaluru,1,2,951,20,2,11,0.67,5.9,Semi-Furnished,1,1,3470,8,17,4.6,1,88.29,13,3,85.64,1
NH-00349,Bengaluru,1,2,1008,11,19,21,1.79,3,Unfurnished,0,1,3100,12,12,6.3,0,91.1,19,0.87,90.31,1
NH-00793,Bengaluru,3,3,1400,10,5,5,5.1,4.2,Unfurnished,1,0,6860,10,13,5.5,0,66.03,88,5.38,62.48,0
NH-01022,Hyderabad,2,2,1059,14,8,14,3.58,6.6,Fully-Furnished,0,1,4950,8,13,4.2,0,62.48,47,4.69,59.55,0
NH-00611,Hyderabad,2,3,1897,16,3,5,0.49,6.1,Unfurnished,2,0,9350,16,11,4,0,107.71,97,4.51,102.85,0
NH-00039,Pune,3,2,839,5,2,5,2.56,6,Unfurnished,1,1,3530,3,11,5.3,1,43.45,49,4.11,41.66,0
NH-00443,Hyderabad,2,4,2180,26,8,9,0.2,3.7,Semi-Furnished,1,1,7710,11,16,6.7,1,135.55,114,9.42,122.78,0
NH-01007,Pune,3,1,506,16,8,12,1.65,0.9,Fully-Furnished,2,0,1950,10,9,5.7,1,21.59,38,1.14,21.34,1
NH-00078,Hyderabad,2,4,2371,3,13,20,15,8,Semi-Furnished,1,0,11080,8,13,5.1,0,124.16,166,5.3,117.58,0
NH-01248,Bengaluru,1,3,1300,22,10,22,1.4,5,Unfurnished,1,0,4770,8,11,7,0,109.52,39,2.55,106.73,1
NH-00317,Bengaluru,2,2,1010,13,8,15,0.2,2.3,Semi-Furnished,2,0,3930,7,16,6.5,1,76.11,62,6.72,71,0
NH-00549,Hyderabad,2,2,1106,15,1,12,4.32,5.8,Fully-Furnished,0,0,4890,4,15,5.8,1,57.64,79,2.96,55.93,0
NH-00410,Pune,3,3,1195,23,4,13,0.2,6.3,Fully-Furnished,1,0,4510,14,17,3.9,0,57.62,119,8.2,52.9,0
NH-00370,Bengaluru,2,3,1430,14,11,11,4.41,3.8,Semi-Furnished,0,1,5320,12,11,6.5,0,92.59,130,7.54,85.61,0
NH-00660,Bengaluru,2,1,636,15,2,9,0.26,4.3,Unfurnished,1,0,2660,8,19,4.9,0,41.14,26,2.65,40.05,1
NH-00297,Pune,1,2,1017,8,17,18,1.72,8.9,Fully-Furnished,1,0,5080,11,13,7.3,0,96.3,37,2.81,93.59,1
NH-01274,Hyderabad,2,2,1026,2,6,6,3.45,4.7,Semi-Furnished,2,1,4270,18,7,6.9,0,62.64,77,2.84,60.86,0
NH-00585,Bengaluru,1,3,1778,5,18,19,4.68,4.9,Unfurnished,0,0,9000,9,22,5.9,0,170.18,53,5.44,160.92,0
NH-00395,Pune,1,2,1049,6,24,35,2.85,2.7,Semi-Furnished,1,0,3350,4,10,6.9,0,84.45,42,2.76,82.12,1
NH-00032,Bengaluru,2,4,2290,16,2,12,0.2,5.3,Semi-Furnished,2,0,9080,11,12,4.3,0,189.62,34,5.31,179.55,1
NH-00003,Pune,2,2,951,9,4,22,0.45,8.9,Unfurnished,1,0,4620,4,16,6.7,0,71.09,87,8.57,65,0
NH-01209,Bengaluru,1,3,1590,25,17,31,1.77,1,Semi-Furnished,1,0,5770,8,17,5.9,1,125.15,44,2.92,121.5,1
NH-00173,Hyderabad,1,3,1505,38,23,29,3.22,3.7,Unfurnished,0,0,5510,2,23,7.1,1,83.01,68,4.01,79.68,0
NH-00354,Hyderabad,3,2,942,25,1,8,2.63,2.5,Semi-Furnished,2,1,3380,10,7,5,0,37.57,87,9.54,33.99,0
NH-00096,Hyderabad,3,2,1153,6,11,13,15,1.6,Semi-Furnished,1,0,3550,17,8,8,0,37.95,233,10.51,33.96,0
NH-00070,Pune,3,2,1017,14,5,9,0.73,6.7,Semi-Furnished,0,1,3000,7,12,4.4,0,47.09,18,3.54,45.42,1
NH-00102,Pune,3,2,1126,11,10,11,6.25,8.6,Fully-Furnished,1,0,6110,9,10,7.2,1,57.65,51,8.97,52.48,0
NH-00432,Bengaluru,3,1,566,19,3,5,7.98,0.5,Semi-Furnished,1,1,2010,14,15,5.2,0,23.17,161,7.97,21.32,0
NH-00345,Bengaluru,3,3,1367,6,2,11,6.94,1.6,Fully-Furnished,1,0,5660,13,12,6.4,0,67.31,60,0,67.31,0
NH-01102,Pune,1,3,1302,9,14,14,2.26,7.3,Semi-Furnished,1,0,6490,21,16,4.4,1,114.3,27,4.13,109.58,1
NH-01380,Pune,1,3,1462,8,1,16,3.11,2.1,Unfurnished,2,0,4550,11,17,7.6,0,120.6,37,5.46,114.02,1
NH-00289,Pune,2,4,2398,4,6,6,0.83,3.1,Unfurnished,2,0,7140,8,17,6.3,0,172.36,36,2.99,167.21,1
NH-00305,Bengaluru,3,3,1292,15,6,9,0.25,2.9,Unfurnished,1,0,4520,14,12,5.1,0,59.52,48,3.6,57.38,0
NH-01036,Hyderabad,2,3,1564,6,11,13,2.2,2.6,Fully-Furnished,1,1,5810,1,9,4.7,0,91.33,47,0.67,90.72,0
NH-00902,Hyderabad,3,3,1713,23,5,7,3.24,2.3,Semi-Furnished,1,0,6930,15,9,5.6,1,52.04,44,1.01,51.51,1
NH-00633,Bengaluru,1,4,2025,13,6,12,0.84,3,Fully-Furnished,1,0,5960,7,22,6,0,220.7,80,5.81,207.88,0
NH-00145,Hyderabad,1,2,1238,12,29,32,1.61,8.9,Semi-Furnished,2,0,3970,11,23,5.2,0,97.12,52,3.81,93.42,0
NH-00642,Hyderabad,2,2,937,13,3,14,2.03,5.6,Unfurnished,0,0,3410,15,13,6.8,0,46.58,22,3.28,45.05,1
NH-00293,Bengaluru,2,2,1138,11,11,15,4.43,6.6,Unfurnished,1,1,4430,3,13,9.2,0,79.68,82,4.91,75.77,0
NH-00438,Hyderabad,1,3,1454,10,12,23,3.56,,Fully-Furnished,1,0,4990,13,15,7.3,1,105.4,56,4.64,100.51,0
NH-00917,Bengaluru,2,2,1083,14,6,6,2.22,6.8,Semi-Furnished,2,0,5250,7,11,6.3,0,74.92,32,1.41,73.86,1
NH-00600,Hyderabad,1,1,742,15,15,22,1.3,6.7,Semi-Furnished,1,0,2840,13,19,3.9,0,55.17,55,2.79,53.63,0
NH-00490,Hyderabad,1,2,1151,15,13,15,0.38,4.8,Semi-Furnished,1,0,4370,13,11,8,0,85.1,57,0.87,84.36,0
NH-01317,Pune,1,2,1151,29,6,23,2.46,6.8,Fully-Furnished,1,0,4920,5,13,8.2,0,73.82,22,1.86,72.45,1
NH-00533,Bengaluru,2,3,1184,17,3,25,2.7,2.7,Semi-Furnished,1,0,3920,3,10,4.1,1,74.61,42,5.94,70.18,1
NH-01174,Pune,1,2,1012,17,6,22,0.84,5.9,Unfurnished,0,0,3990,6,18,7.6,0,67.06,74,3.57,64.67,0
NH-00327,Bengaluru,3,2,1017,16,1,4,0.86,2.9,Unfurnished,1,0,3850,5,12,5.4,1,57.17,105,9.47,51.76,0
NH-00942,Pune,1,3,1742,18,3,10,0.61,5.7,Semi-Furnished,1,0,5710,6,14,7.7,1,130.18,15,0,130.18,1
NH-00540,Bengaluru,2,2,970,4,6,19,15,5.6,Unfurnished,2,0,2480,4,12,4.3,0,54.28,111,4.97,51.58,0
NH-00272,Bengaluru,1,1,656,21,11,13,0.2,3.7,Fully-Furnished,1,0,2170,5,15,4.5,1,65.66,18,6.05,61.69,1
NH-01078,Bengaluru,3,3,1552,24,6,8,5.84,0,Semi-Furnished,2,0,5240,12,13,7.2,0,54.82,60,3.19,53.07,0
NH-00954,Hyderabad,1,2,1123,4,5,17,1.49,6.9,Unfurnished,1,1,4680,20,12,4.3,0,93.55,45,3.18,90.58,1
NH-00905,Hyderabad,2,3,1567,12,9,19,0.2,6.7,Semi-Furnished,1,0,9160,12,13,4.2,0,100.99,67,6.35,94.58,0
NH-00678,Hyderabad,3,3,1267,14,2,13,0.2,6.5,Unfurnished,1,0,5410,8,9,3.5,0,51.12,34,1,50.61,1
NH-00774,Bengaluru,2,3,1198,17,9,10,4.71,4.8,Fully-Furnished,2,1,4610,7,6,5.7,0,72.35,29,1.89,70.98,1
NH-00896,Pune,3,4,2501,11,9,9,3.67,4.9,Semi-Furnished,1,0,7500,10,9,6.6,0,121.42,57,2.84,117.97,0
NH-00328,Bengaluru,3,1,596,12,11,12,0.2,5.5,Unfurnished,1,0,2310,21,9,7.7,0,31.24,50,2.33,30.51,0
NH-00923,Hyderabad,2,1,497,10,5,8,2.06,2.4,Semi-Furnished,0,1,1660,19,16,7.8,1,26.73,22,1.96,26.21,1
NH-01213,Pune,2,3,1765,12,17,21,1.08,4.6,Semi-Furnished,1,0,7740,11,18,8.2,1,104.34,41,2.47,101.76,1
NH-00156,Bengaluru,2,2,964,12,9,13,1.58,2.6,Semi-Furnished,0,0,4060,11,12,3.7,0,58.96,37,1.14,58.29,1
NH-01328,Bengaluru,2,1,623,13,16,21,3.22,7.2,Semi-Furnished,1,0,2740,10,10,3.3,0,41.03,24,2.54,39.99,1
NH-00058,Hyderabad,2,2,884,7,10,25,0.78,4.6,Semi-Furnished,1,0,4790,16,17,7.5,1,52.57,20,1.51,51.78,1
NH-00661,Pune,2,2,1105,10,9,9,13.7,5,Unfurnished,0,0,4060,3,10,4.8,1,50.63,136,6.76,47.21,0
NH-01243,Bengaluru,3,3,1437,22,1,10,1.38,1.7,Unfurnished,1,0,5180,9,12,6.6,0,70.01,91,9.48,63.37,0
NH-01117,Pune,3,2,895,11,1,7,12.31,4.2,Semi-Furnished,2,0,3120,4,14,4.1,0,31.41,103,3.97,30.16,0
NH-01072,Pune,3,1,750,13,4,6,0.2,,Semi-Furnished,2,0,2960,5,8,5.2,0,38.38,78,3.43,37.06,0
NH-01237,Hyderabad,3,2,1000,16,12,14,0.48,9.3,Unfurnished,1,0,6370,4,10,5.8,0,46.55,59,4.48,44.46,0
NH-01343,Bengaluru,2,2,977,6,16,25,4.9,5.1,Semi-Furnished,1,0,2960,10,16,4.9,0,73.61,41,5.31,69.7,1
NH-01189,Pune,3,3,1252,13,4,9,0.84,2.9,Semi-Furnished,2,1,4200,21,14,7.9,0,59.17,25,1.85,58.08,1
NH-00448,Hyderabad,2,2,847,5,2,16,13.52,4.7,Unfurnished,1,1,2460,10,12,7.1,0,39.5,86,5.76,37.22,0
NH-00105,Pune,2,2,1068,8,5,15,1.67,9.4,Semi-Furnished,1,0,4810,6,9,3,0,72.86,54,5.01,69.21,0
NH-00485,Pune,2,3,1596,22,3,6,1.3,3.2,Semi-Furnished,0,0,5810,5,15,5.1,0,99.15,75,10.35,88.89,0
NH-00815,Hyderabad,2,2,1096,24,7,11,2.79,0.3,Fully-Furnished,1,0,3440,11,11,6,0,52.33,29,4.17,50.15,1
NH-00721,Pune,1,1,683,26,8,32,3.08,,Semi-Furnished,0,1,2130,6,20,6.2,0,40.11,36,4.5,38.31,1
NH-00672,Pune,2,2,1082,11,3,14,0.81,6.2,Unfurnished,2,0,4200,6,14,8.3,1,65.94,28,2.52,64.28,1
NH-00087,Bengaluru,2,3,1511,15,12,24,0.69,7.7,Unfurnished,0,0,6920,6,8,2.9,0,116.92,47,6.85,108.91,0
NH-00711,Bengaluru,2,4,2474,14,8,10,0.2,4.6,Unfurnished,2,0,10540,8,11,8.6,0,179.14,66,0.66,177.96,0
NH-00999,Pune,3,3,1347,15,3,6,2.6,5,Unfurnished,1,0,6490,13,13,4.4,0,58.91,27,3.49,56.85,1
NH-00261,Pune,2,4,2157,8,11,12,5.37,5.4,Unfurnished,1,1,9310,13,15,2.2,0,137.53,76,2.99,133.42,0
NH-01392,Bengaluru,1,2,928,17,31,33,0.79,5.9,Semi-Furnished,1,1,3720,6,22,5.4,0,92.86,24,3.64,89.48,1
NH-00504,Hyderabad,3,4,2206,17,10,11,1,3.4,Unfurnished,2,1,6660,9,8,4.5,0,97.92,169,5.36,92.67,0
NH-00702,Bengaluru,2,3,1770,15,13,24,5.3,5.7,Fully-Furnished,0,0,7820,12,16,8.5,0,113.76,43,4.53,108.61,1
NH-01012,Pune,3,2,1195,15,7,9,3.01,4.8,Semi-Furnished,2,0,4510,1,11,7.1,0,49.09,100,3.6,47.32,0
NH-00481,Hyderabad,3,4,2283,2,4,8,7.9,3.6,Semi-Furnished,1,0,4050,5,11,4.8,1,94.08,29,1.71,92.47,1
NH-01182,Hyderabad,1,3,1608,9,10,33,3.48,4.5,Semi-Furnished,0,0,6510,21,15,4.3,0,114.65,54,2.42,111.88,0
NH-00017,Pune,2,2,1014,10,4,8,1.54,5,Unfurnished,1,0,3880,7,15,6.1,1,67.86,42,7.62,62.69,1
NH-00591,Pune,2,3,1752,7,6,10,4.18,7,Semi-Furnished,2,1,7960,1,12,5.9,0,114.56,46,3.42,110.64,0
NH-00403,Pune,1,4,2398,19,14,16,1.33,2.9,Fully-Furnished,1,0,9980,6,18,5.1,1,197.05,142,5.16,186.88,0
NH-00833,Hyderabad,3,2,841,12,2,11,1.91,4.5,Unfurnished,1,0,3000,19,10,3.3,0,33.84,76,3.43,32.68,0
NH-00006,Pune,2,3,1391,13,4,16,13.86,8.3,Fully-Furnished,1,0,7250,5,12,1.6,0,71.34,61,4.09,68.42,0
NH-00531,Hyderabad,2,3,1495,13,6,9,3.29,4.1,Unfurnished,1,1,6490,9,15,4.9,0,83.86,104,7.94,77.2,0
NH-00357,Bengaluru,1,2,1144,11,16,35,2.79,9.8,Unfurnished,1,1,3880,4,31,7.5,0,127.53,26,3.99,122.44,1
NH-01399,Pune,3,1,657,15,4,4,2.79,0.1,Unfurnished,0,0,2470,15,11,8.9,0,25.68,198,11.63,22.69,0
NH-01341,Hyderabad,1,3,1369,8,7,20,11.11,9.6,Fully-Furnished,0,0,5870,11,13,6.1,0,89.91,26,0,89.91,1
NH-01307,Pune,2,2,945,17,11,12,1.55,1.8,Semi-Furnished,1,0,3040,4,11,4.7,0,46.67,77,3.16,45.2,0
NH-01060,Pune,3,1,584,12,4,7,1.44,4.8,Semi-Furnished,1,0,2090,4,12,7.5,1,26.43,59,2.43,25.79,0
NH-00316,Pune,1,3,1343,36,19,33,6.3,0.7,Semi-Furnished,1,0,4350,10,15,5.5,0,71.54,51,5.11,67.88,0
NH-00536,Hyderabad,1,3,1242,25,1,15,0.26,9.7,Semi-Furnished,2,1,6610,6,18,4.3,0,88,31,0.7,87.38,1
NH-00435,Pune,1,2,1199,28,20,20,1.02,8.6,Unfurnished,1,0,5370,20,15,6.5,0,91.84,37,3.68,88.46,1
NH-01008,Hyderabad,3,3,1787,15,2,10,0.41,3.3,Fully-Furnished,0,1,6370,9,7,4.4,0,78.04,81,4.73,74.35,0
NH-01113,Bengaluru,2,2,949,34,1,5,0.83,6.1,Semi-Furnished,2,1,3520,6,16,7,0,64.76,73,9.54,58.58,0
NH-00962,Pune,3,3,1661,17,2,7,0.34,4.8,Semi-Furnished,0,1,7450,6,9,5.9,0,68.65,83,5.13,65.13,0
NH-00152,Bengaluru,2,3,1490,3,1,20,0.43,8.4,Unfurnished,1,0,7420,18,17,4.2,1,111.93,50,3.19,108.36,0
NH-01346,Bengaluru,3,3,1225,22,6,7,0.2,3,Semi-Furnished,1,0,4200,2,8,7,0,51.16,36,2.59,49.83,1
NH-01208,Pune,1,2,1031,10,22,22,0.51,6.3,Semi-Furnished,1,0,4840,6,16,5.7,0,82.95,13,1.18,81.97,1
NH-00616,Bengaluru,2,2,932,7,3,16,3.2,5.7,Unfurnished,2,0,3170,8,11,6.5,0,67.28,93,5.39,63.65,0
NH-00878,Hyderabad,2,3,1513,15,2,5,7.04,5.4,Semi-Furnished,1,0,7310,9,12,6.6,1,74.07,32,2.89,71.93,1
NH-01088,Pune,1,2,1116,14,13,20,2.26,4.2,Unfurnished,1,0,4670,11,15,8.5,0,79,32,1.73,77.63,1
NH-00777,Hyderabad,1,4,2451,20,16,35,0.2,5.7,Fully-Furnished,2,0,12780,2,20,2.9,0,250.68,65,5.82,236.09,0
NH-01059,Bengaluru,2,1,720,10,11,15,0.2,2.5,Semi-Furnished,2,0,2510,8,15,6.5,0,54.47,61,5.14,51.67,0
NH-00203,Bengaluru,2,2,1216,8,13,24,0.29,5,Unfurnished,0,0,5180,11,9,6.3,1,90.64,19,2.47,88.4,1
NH-01376,Pune,1,2,919,7,9,30,2.19,6,Unfurnished,1,0,3940,8,12,5.3,1,82.82,21,4.43,79.15,1
NH-01107,Pune,2,3,1496,9,4,18,6.25,3.5,Semi-Furnished,1,0,7590,21,16,6,1,80.5,86,4.07,77.22,0
NH-00564,Hyderabad,3,1,501,20,9,12,4.98,3.7,Semi-Furnished,2,0,1760,12,8,5.8,0,17.81,83,3.98,17.1,0
NH-00458,Bengaluru,2,3,1585,16,8,13,3.47,4.4,Fully-Furnished,1,0,5290,13,15,2.7,0,101.11,23,2.07,99.02,1
NH-00835,Bengaluru,2,2,894,10,11,14,7.69,4.2,Semi-Furnished,1,0,3960,1,17,6.3,1,56.11,29,2.16,54.9,1
NH-01264,Bengaluru,2,1,575,12,4,8,0.74,5.2,Unfurnished,0,1,2480,10,16,5.4,0,44.07,52,5.42,41.68,0
NH-00538,Hyderabad,2,3,1156,16,16,23,5.62,4.4,Semi-Furnished,1,0,4610,10,15,6.4,0,55.29,54,3.16,53.54,0
NH-00799,Pune,2,1,654,10,7,16,0.94,4.9,Fully-Furnished,1,0,2980,2,13,7.8,0,43.28,18,3.1,41.94,1
NH-01334,Bengaluru,3,3,1722,13,7,14,3.2,7.3,Semi-Furnished,1,0,7780,9,11,6,0,95.26,102,6.15,89.4,0
NH-01266,Bengaluru,1,1,641,11,26,27,1.32,5.7,Fully-Furnished,2,0,3620,9,8,8.6,0,68.02,23,2.59,66.26,1
NH-00434,Pune,2,2,851,10,6,7,1.27,9.3,Semi-Furnished,2,1,2110,8,13,3.7,0,59.34,32,2.39,57.92,1
NH-00818,Bengaluru,2,3,1213,13,3,6,0.2,3.1,Semi-Furnished,1,0,3370,2,12,6.4,0,82.86,62,4.01,79.54,0
NH-01019,Hyderabad,3,2,868,23,8,8,3.47,2,Semi-Furnished,2,0,3700,13,12,4.1,0,30.27,15,1.74,29.74,1
NH-00953,Pune,2,2,915,23,12,24,0.42,1.4,Fully-Furnished,1,1,2450,13,10,2.6,0,55.04,56,4.88,52.35,0
NH-00406,Pune,2,4,2074,21,1,20,6.9,1.8,Semi-Furnished,1,1,5280,2,9,6.2,0,117.76,191,13.43,101.94,0
NH-01172,Pune,3,4,1698,12,9,13,5.55,5.8,Unfurnished,0,0,8280,7,14,7,1,72.01,70,6.45,67.37,0
NH-00389,Pune,1,3,1670,23,18,34,0.91,3.6,Unfurnished,1,0,6410,2,18,7.6,0,129.47,155,8.19,118.87,0
NH-00398,Bengaluru,3,2,954,16,1,9,3.93,6.4,Unfurnished,1,0,3140,14,10,7,0,45.25,85,4.81,43.07,0
NH-00500,Pune,3,2,1197,5,7,12,0.22,4.7,Unfurnished,0,0,5540,11,15,8.2,0,54.82,31,1.6,53.94,1
NH-00192,Bengaluru,1,3,1416,12,2,35,0.56,5.9,Unfurnished,1,0,7150,9,19,3.1,1,122.36,10,1.74,120.23,1
NH-00916,Bengaluru,3,3,1486,30,3,7,6.33,3.3,Unfurnished,1,0,4550,12,6,6.9,1,48.75,61,2.92,47.33,0
NH-00632,Pune,1,2,792,10,2,10,1.98,9.4,Unfurnished,2,0,4390,10,18,6.7,0,70.19,19,3.32,67.86,1
NH-00233,Pune,2,3,1417,11,4,5,10.11,4.4,Semi-Furnished,2,0,5020,8,13,5.5,0,66.47,78,4.37,63.57,0
NH-00898,Hyderabad,1,2,961,21,17,18,3.18,6,Unfurnished,1,0,4460,9,19,5.8,0,63.86,49,5.58,60.3,0
NH-01337,Hyderabad,1,3,1344,37,1,18,3.66,4,Unfurnished,1,0,5930,9,15,4.5,1,74.68,34,6.18,70.06,1
NH-00701,Bengaluru,2,1,563,14,7,23,1.24,4,Unfurnished,1,0,2250,7,15,6.4,0,35.45,65,2.98,34.39,0
NH-00164,Hyderabad,2,2,1028,23,6,7,0.86,2,Unfurnished,1,0,4550,19,13,6.9,1,45.48,31,0.33,45.33,1
NH-00431,Pune,3,3,1669,2,5,11,9.66,7.4,Unfurnished,0,0,8690,7,9,7.1,1,70.65,27,2.71,68.74,1
NH-01384,Hyderabad,3,3,1131,9,5,7,1.55,2.6,Fully-Furnished,1,0,3650,14,9,3.5,0,50.45,34,2.05,49.42,1
NH-00489,Pune,3,2,887,5,4,12,4.21,6.8,Unfurnished,1,0,3460,3,16,8.5,0,43.39,34,3.56,41.85,1
NH-00760,Hyderabad,3,2,951,12,1,5,7.87,3.4,Unfurnished,1,0,3280,14,10,4.6,0,33.45,43,4.58,31.92,1
NH-01020,Bengaluru,3,3,1059,10,3,5,5.4,4.7,Semi-Furnished,2,0,3660,3,14,3.5,0,51.01,115,5.93,47.99,0
NH-00768,Pune,3,1,557,8,1,12,2.99,4.3,Fully-Furnished,1,0,2350,10,14,6.1,1,23.09,44,3.65,22.25,1
NH-00184,Bengaluru,2,2,1011,38,2,13,3.38,4.1,Unfurnished,1,0,2850,5,17,7.8,0,45.98,60,2.71,44.73,0
NH-00771,Hyderabad,2,1,574,11,12,14,8.14,0.7,Fully-Furnished,2,0,1400,10,13,6.9,0,28.53,91,4.28,27.31,0
NH-01220,Pune,2,2,944,15,9,14,0.63,5,Semi-Furnished,0,0,4840,5,18,8.9,0,52.01,18,0,52.01,1
NH-01342,Pune,3,4,1749,16,5,12,2.37,1.7,Fully-Furnished,1,0,6250,5,14,8,1,78.95,77,8.58,72.18,0
NH-00477,Bengaluru,3,2,951,10,8,11,0.32,5.6,Unfurnished,2,1,3350,5,8,5.1,1,55.17,104,2.79,53.63,0
NH-01375,Bengaluru,1,3,1711,11,9,34,1.03,2.6,Semi-Furnished,0,0,5890,5,14,8,0,153.83,90,6.34,144.08,0
NH-00731,Hyderabad,2,3,1456,16,14,19,1.57,4.7,Semi-Furnished,1,0,4760,5,15,9.2,0,83.52,76,3.96,80.21,0
NH-00268,Bengaluru,2,2,904,22,5,12,1.73,8,Semi-Furnished,1,0,3260,6,13,7.5,0,56.13,33,1.55,55.26,1
NH-01080,Pune,1,1,577,12,34,34,0.61,6,Unfurnished,2,0,2450,4,11,3.6,0,49.42,52,4.29,47.3,0
NH-00456,Hyderabad,2,3,1228,6,9,11,3.08,8.2,Unfurnished,1,0,5140,17,11,6,1,70.94,21,1.56,69.83,1
NH-00279,Bengaluru,3,3,1511,38,2,7,4.87,4.5,Semi-Furnished,2,0,6050,11,15,5.7,1,57.27,43,4.74,54.56,1
NH-00730,Bengaluru,1,2,762,13,2,23,0.2,10,Semi-Furnished,1,0,3340,10,17,4.6,0,73.76,36,3.99,70.82,1
NH-00537,Bengaluru,3,2,1088,2,7,13,0.56,5.7,Unfurnished,1,0,4600,8,15,6.5,1,65.44,163,7.15,60.76,0
NH-00829,Pune,3,3,1485,3,2,14,2.29,8.2,Unfurnished,1,1,7320,12,14,3,1,71.44,46,3.35,69.05,0
NH-00539,Pune,2,3,1395,26,14,22,3.04,2.4,Unfurnished,1,0,5160,17,9,4.5,0,71.92,156,11.02,63.99,0
NH-00122,Hyderabad,3,2,881,3,7,11,10.66,5.3,Semi-Furnished,1,0,2980,7,12,4.4,1,33.9,34,2.88,32.92,1
NH-01281,Pune,2,3,1742,11,3,6,7.14,6,Unfurnished,1,1,6980,7,13,4.5,0,86.8,55,4.45,82.94,0
NH-00816,Hyderabad,1,4,2149,14,3,28,1.18,5,Unfurnished,2,0,7470,8,17,6.9,0,172.94,142,7.07,160.71,0
NH-01269,Hyderabad,3,2,968,22,2,12,0.25,4.4,Semi-Furnished,1,0,3920,6,13,5.6,0,43.12,101,8.34,39.52,0
NH-00558,Bengaluru,2,2,1262,7,7,24,1.58,4.3,Fully-Furnished,1,0,5770,5,20,4.4,0,88.33,26,2.15,86.43,1
NH-00426,Pune,3,3,1384,23,1,5,12.37,6.6,Semi-Furnished,1,1,6090,10,15,7.8,0,48.93,42,2.48,47.72,1
NH-00236,Hyderabad,1,3,1596,6,15,28,5.27,6,Fully-Furnished,2,0,8470,2,19,5.8,0,137.01,43,7.13,127.24,1
NH-00785,Bengaluru,3,2,811,16,1,12,4.38,6.1,Unfurnished,1,0,2810,14,15,4.1,1,36.92,50,1.42,36.4,0
NH-01199,Pune,3,2,961,19,11,11,0.78,5,Unfurnished,2,0,2800,7,12,5.4,0,45.42,104,6.13,42.64,0
NH-00606,Hyderabad,2,1,403,9,7,13,0.24,6.9,Fully-Furnished,2,0,2180,13,24,7.3,0,26.17,46,4.1,25.1,0
NH-01054,Bengaluru,2,2,1154,18,1,10,1.4,5.8,Unfurnished,2,0,4790,11,22,9,0,74.12,31,1.77,72.81,1
NH-00171,Bengaluru,2,1,811,23,4,6,6.5,2.8,Semi-Furnished,0,1,2920,9,14,8.8,0,43.22,97,5.57,40.81,0
NH-00155,Hyderabad,2,2,863,7,12,22,4.27,7.8,Unfurnished,0,0,4090,12,11,4.6,0,52.57,31,4.36,50.28,1
NH-00213,Hyderabad,2,4,2304,12,1,13,0.46,7.5,Unfurnished,1,0,5390,2,12,5.7,1,161.09,44,5.85,151.67,1
NH-00802,Pune,3,2,957,20,2,6,3.94,1.7,Unfurnished,1,0,3480,14,12,5,1,35.16,92,5.7,33.16,0
NH-01228,Hyderabad,3,2,906,9,4,8,0.23,4.5,Semi-Furnished,1,0,3120,10,9,5.1,0,41.41,30,5.07,39.31,1
NH-00177,Bengaluru,1,3,1652,10,8,17,2.16,7.6,Semi-Furnished,2,1,7870,16,16,6.4,0,168.03,24,0.64,166.95,1
NH-00603,Hyderabad,3,3,1737,10,6,12,8.51,3.2,Semi-Furnished,1,0,5600,15,8,6.6,0,62.94,133,6.13,59.08,0
NH-00137,Bengaluru,2,3,974,9,4,5,4.97,8.7,Unfurnished,1,0,5090,10,14,5,1,73.03,22,4.6,69.67,1
NH-01287,Bengaluru,3,2,1115,11,3,5,13.81,3.7,Fully-Furnished,0,0,4430,9,9,6.3,1,42.65,78,3.09,41.33,0
NH-00797,Bengaluru,3,1,661,15,2,12,3.12,2.5,Fully-Furnished,1,0,2220,8,16,7.4,0,33.94,78,5.83,31.96,0
NH-01280,Bengaluru,2,2,991,13,8,25,0.37,6.5,Semi-Furnished,2,1,4580,9,23,6.6,1,74.48,31,2.32,72.75,1
NH-00929,Hyderabad,3,2,1020,4,1,9,3.51,8.5,Unfurnished,0,1,4080,8,5,5.9,0,45.91,53,1.17,45.37,0
NH-00103,Pune,2,4,2119,8,3,5,0.6,5.3,Unfurnished,1,0,9770,11,10,6.6,0,134.14,22,0.3,133.74,1
NH-01367,Hyderabad,3,3,1482,15,1,4,2.16,7.8,Unfurnished,1,0,7900,4,8,5.7,0,52.76,45,1.67,51.88,1
NH-01394,Bengaluru,2,2,887,9,3,24,1.97,7.4,Unfurnished,2,0,4310,11,14,5.2,0,65.81,74,3.62,63.43,0
NH-00457,Bengaluru,2,2,1138,15,8,13,4.53,2.2,Semi-Furnished,1,0,3520,4,14,4.2,0,64.81,33,1.86,63.6,1
NH-00674,Bengaluru,3,3,1440,9,7,8,2.64,6.4,Unfurnished,1,0,5160,25,7,5.2,0,73.53,47,2.52,71.68,0
NH-00462,Pune,3,2,979,35,9,13,3.21,1.6,Unfurnished,1,0,2380,4,8,5.2,0,37.5,148,12.94,32.65,0
NH-01374,Bengaluru,3,3,1593,10,9,14,3.2,3.5,Fully-Furnished,1,0,5340,4,9,7.4,0,94.84,151,11.03,84.38,0
NH-00944,Hyderabad,1,1,587,21,11,18,10.54,5.2,Fully-Furnished,0,1,2610,7,13,5.1,0,36.11,64,4.74,34.4,0
NH-00270,Bengaluru,3,3,1509,21,3,13,3.67,3.2,Semi-Furnished,2,0,5950,7,12,7.4,0,64.7,126,4.7,61.66,0
NH-01093,Hyderabad,2,3,1468,8,1,6,0.91,4.8,Unfurnished,0,1,5050,6,12,4,0,76.27,76,2.69,74.22,0
NH-01323,Pune,2,3,1612,9,5,13,1,7.2,Fully-Furnished,1,0,5560,7,18,3.5,0,124.62,47,5.3,118.02,0
NH-00714,Bengaluru,2,2,919,12,13,14,5.72,6.6,Fully-Furnished,1,0,4270,21,10,7.7,0,62.74,129,5.58,59.24,0
NH-00191,Hyderabad,2,3,1348,15,8,8,15,4,Fully-Furnished,1,0,5150,15,6,7,1,60.04,67,6.65,56.05,0
NH-00943,Bengaluru,2,3,1505,17,1,5,0.69,7.7,Unfurnished,1,0,5630,3,12,6.8,0,98.79,30,3.45,95.38,1
NH-00627,Hyderabad,2,1,551,8,3,9,1.2,6,Fully-Furnished,1,0,2470,7,14,6,0,33.69,60,4.84,32.06,0
NH-01165,Bengaluru,3,3,1504,9,4,6,2.79,4.7,Unfurnished,1,0,5210,3,12,4.8,0,72.39,109,3.5,69.86,0
NH-00963,Pune,2,2,1235,14,12,25,5.11,4.7,Semi-Furnished,1,0,4520,6,8,3.7,0,67.69,76,5.79,63.77,0
NH-00404,Hyderabad,2,3,1189,14,3,9,3.31,4.1,Semi-Furnished,0,0,4410,2,16,6.6,0,62.11,109,7.21,57.63,0
NH-01011,Hyderabad,3,3,1560,22,7,8,0.25,7.9,Unfurnished,1,0,8290,10,17,5.5,0,61.79,66,3.86,59.4,0
NH-00029,Pune,1,3,1282,14,14,22,3.2,2.7,Semi-Furnished,0,1,5510,18,18,6.8,1,96.49,14,2.57,94.01,1
NH-01162,Hyderabad,2,4,2126,24,5,18,1.15,4,Semi-Furnished,1,0,7050,6,8,4.8,0,115.67,82,5.4,109.42,0
NH-01142,Bengaluru,2,3,1356,30,1,24,4.59,3.1,Unfurnished,1,0,4900,8,12,7.3,0,64.98,80,2.62,63.28,0
NH-00244,Hyderabad,2,2,918,28,13,15,1.23,4.6,Unfurnished,1,0,4490,9,17,5.4,1,47.3,49,7.08,43.95,0
NH-01295,Pune,1,4,2255,29,12,12,0.2,3.7,Unfurnished,2,0,9040,5,21,7.2,1,188.76,79,4.68,179.93,0
NH-00474,Pune,3,2,907,22,8,12,5.71,4.4,Unfurnished,1,0,3270,6,11,6.3,0,34.59,113,7.51,31.99,0
NH-00301,Bengaluru,2,3,1363,4,16,16,5.22,3.1,Semi-Furnished,1,0,5300,19,17,5,0,91.74,36,1.86,90.03,1
NH-00080,Bengaluru,1,2,1112,5,25,34,1.78,7.8,Unfurnished,1,0,4840,10,11,4.3,0,120.92,30,4.67,115.27,1
NH-00814,Pune,3,2,786,27,4,4,0.39,5.3,Unfurnished,1,0,2480,14,16,6.2,0,31,81,3.92,29.78,0
NH-01131,Hyderabad,1,1,673,24,2,12,1.16,5.5,Semi-Furnished,0,1,2810,6,26,7.2,0,48.59,39,4.25,46.52,1
NH-00868,Hyderabad,3,4,2592,34,3,4,9,3.6,Semi-Furnished,1,0,9030,2,11,8.9,1,61.41,29,1.73,60.35,1
NH-00870,Bengaluru,2,2,1081,30,15,25,1.47,3.1,Semi-Furnished,2,0,3630,12,15,7.6,1,59.09,19,1.68,58.1,1
NH-00118,Bengaluru,2,1,392,7,11,12,3.52,4.8,Semi-Furnished,1,1,1410,9,16,3.8,1,26.19,19,3.6,25.25,1
NH-00786,Pune,1,3,1252,7,6,22,1.89,7.4,Fully-Furnished,2,0,5500,4,23,7.1,1,127.26,36,8.75,116.12,1
NH-00763,Hyderabad,2,2,937,5,2,13,5.24,7.6,Unfurnished,2,0,4100,17,19,6.6,0,53.03,55,3.8,51.01,0
NH-01178,Pune,2,4,2021,20,6,10,0.44,4.7,Semi-Furnished,1,0,6360,11,16,6.3,0,124.28,57,5.15,117.88,0
NH-00634,Pune,3,2,1164,29,7,10,0.2,2.5,Unfurnished,1,0,5570,16,15,5.9,1,37.01,20,3.1,35.86,1
NH-00723,Bengaluru,2,2,1043,9,6,19,7.28,2.3,Unfurnished,1,0,4090,4,14,4.6,0,56.2,11,2.28,54.92,1
NH-01087,Bengaluru,3,3,1582,9,3,9,3.94,4.6,Semi-Furnished,1,0,6340,14,6,5.4,0,75.65,86,4.42,72.31,0
NH-00524,Pune,2,3,1710,8,5,17,0.2,3.9,Fully-Furnished,1,0,6470,10,11,4.8,0,118.58,78,3.52,114.41,0
NH-00248,Hyderabad,3,4,1927,20,6,11,4.61,3.3,Fully-Furnished,1,0,5920,11,17,6.4,0,75.31,196,9.89,67.86,0
NH-01315,Pune,1,4,1614,9,11,17,0.2,5.5,Fully-Furnished,1,0,6070,2,16,6,1,155.97,42,5.45,147.47,1
NH-01297,Pune,3,2,1134,12,3,14,4.23,3.4,Fully-Furnished,2,0,3660,4,9,5.9,1,50.45,52,4.4,48.23,0
NH-00057,Pune,1,4,1822,7,10,11,0.22,5.6,Semi-Furnished,1,0,9470,10,12,2.3,0,161.1,34,2.09,157.73,1
NH-00837,Pune,2,2,952,4,3,23,12.8,3.6,Unfurnished,2,0,3200,14,12,7.6,0,46.17,193,8.5,42.25,0
NH-00379,Bengaluru,3,1,551,9,8,8,2.68,4.6,Unfurnished,2,0,2470,7,15,6,1,29.3,44,1.28,28.92,1
NH-00997,Pune,2,4,2108,29,5,6,0.56,2.8,Unfurnished,0,0,9020,11,17,7.2,0,101.75,82,3.64,98.05,0
NH-00655,Bengaluru,2,2,1186,6,12,24,2.33,8.1,Unfurnished,2,0,5570,3,14,8.1,0,100.16,17,3.5,96.65,1
NH-01079,Hyderabad,3,2,955,28,8,10,0.46,2.6,Unfurnished,1,0,2140,10,10,7.4,0,33.07,69,3.12,32.04,0
NH-00180,Hyderabad,2,2,788,9,4,10,4.48,5.4,Semi-Furnished,2,0,3920,6,16,5.7,1,45.76,74,3.5,44.16,0
NH-00037,Bengaluru,1,1,601,31,6,14,0.37,4.2,Unfurnished,1,0,2240,5,15,7.6,0,44.43,33,3.25,42.99,1
NH-00073,Pune,3,2,1012,5,12,13,1.03,3.7,Semi-Furnished,0,0,4500,4,13,5.6,1,48.95,30,2.04,47.95,1
NH-00969,Pune,2,2,1156,9,6,14,1.4,4.5,Semi-Furnished,2,1,3990,8,18,3.6,0,79.02,52,4.04,75.83,0
NH-01154,Hyderabad,1,3,1596,17,28,31,3.77,3.2,Unfurnished,2,0,5630,8,14,5.3,0,100.09,37,1.01,99.08,1
NH-00188,Pune,2,3,1645,25,5,12,0.26,4.3,Semi-Furnished,1,0,7360,25,19,6.2,0,95.63,42,5.62,90.26,1
NH-01218,Pune,1,3,2070,18,13,31,0.37,5.9,Unfurnished,2,0,8200,4,14,6.1,0,201.58,39,4.96,191.58,1
NH-00106,Bengaluru,2,2,953,12,5,11,0.44,6,Semi-Furnished,1,0,4900,7,10,5.2,1,70.59,40,4.14,67.67,1
NH-01368,Bengaluru,2,3,997,20,8,15,2.31,6.6,Semi-Furnished,1,1,4130,2,15,8,0,63.34,113,3.94,60.84,0
NH-00378,Bengaluru,2,3,1133,7,7,17,0.27,8.3,Fully-Furnished,1,0,4050,13,26,4.7,1,91.64,7,0.28,91.38,1
NH-00377,Hyderabad,2,2,800,9,4,6,0.79,5.8,Fully-Furnished,2,0,2920,7,11,4,0,48.46,29,3.14,46.94,1
NH-00615,Pune,3,2,1076,24,3,4,12.01,5.4,Semi-Furnished,1,0,5120,14,10,3.1,0,31.37,108,2.96,30.44,0
NH-01193,Pune,3,2,1058,19,4,11,5.99,7.8,Unfurnished,0,0,4190,13,15,7.4,0,40.36,92,2.81,39.23,0
NH-01082,Pune,1,1,585,11,9,17,1.33,4.1,Semi-Furnished,0,1,1870,6,21,5.2,0,44.35,17,0,44.35,1
NH-00423,Hyderabad,2,3,1528,5,2,6,6.26,7,Unfurnished,0,0,7460,17,14,5,0,85.13,85,7.68,78.59,0
NH-00399,Hyderabad,2,3,1577,9,2,9,0.2,6.7,Unfurnished,1,1,5860,10,14,3.1,1,94.19,21,0,94.19,1
NH-00933,Hyderabad,1,4,2444,22,10,31,2.35,5.2,Unfurnished,1,1,10630,8,23,5.1,0,186.23,51,0,186.23,0
NH-00807,Bengaluru,3,3,1491,17,8,8,9.83,4.7,Unfurnished,1,0,4700,13,7,6.7,0,59.29,270,9.13,53.88,0
NH-00726,Bengaluru,2,3,1682,20,17,19,2.79,7.9,Unfurnished,1,0,7950,3,14,4.4,0,102.5,56,5.09,97.28,0
NH-01046,Bengaluru,2,4,2065,24,3,7,7.3,3.3,Fully-Furnished,2,0,7370,4,14,5.2,0,137.76,98,9.9,124.12,0
NH-01263,Pune,2,1,608,9,10,13,1.46,5.9,Semi-Furnished,1,0,2280,3,13,8.5,0,37.65,58,2.07,36.87,0
NH-00223,Bengaluru,1,1,552,14,1,16,1.66,7.1,Semi-Furnished,2,0,2420,12,14,7.4,0,49.26,20,1.48,48.53,1
NH-01290,Pune,3,4,2218,38,1,9,9.65,2.5,Semi-Furnished,2,0,9330,6,6,4.1,0,92.72,400,22,72.32,0
NH-00613,Hyderabad,3,2,1085,13,3,13,7.64,3.1,Semi-Furnished,1,0,4650,3,11,3.6,1,36.43,133,5.39,34.47,0
NH-00904,Pune,1,3,1355,26,11,11,1.1,7.8,Unfurnished,1,0,7840,3,17,8,1,107.89,94,8.92,98.27,0
NH-01357,Hyderabad,3,2,1071,24,2,10,2.21,1.9,Semi-Furnished,1,1,3880,1,7,5.4,0,32.82,84,3.49,31.67,0
NH-00362,Hyderabad,3,3,1419,6,1,10,1.21,3.4,Semi-Furnished,1,0,4280,14,15,4.6,0,61.42,55,2.9,59.64,0
NH-00299,Pune,2,2,1182,14,5,20,1.47,3.7,Fully-Furnished,0,0,3650,12,12,8.3,1,69.75,51,5.04,66.23,0
NH-01086,Pune,2,3,1577,8,2,13,2.97,1.3,Unfurnished,1,1,4550,2,13,4.3,0,83.55,73,3.2,80.88,0
NH-00254,Pune,3,3,1857,5,13,13,1.77,2.3,Semi-Furnished,1,0,5950,6,12,6.5,0,89.44,25,1.62,87.99,1
NH-00041,Hyderabad,1,2,935,23,2,10,1.06,6.2,Semi-Furnished,1,0,4450,8,27,3.6,1,64.74,64,4.41,61.88,0
NH-01252,Bengaluru,2,4,1879,3,5,18,2.84,7.3,Unfurnished,1,1,8290,3,14,4.9,0,145.8,94,3.74,140.35,0
NH-00082,Hyderabad,3,2,823,11,6,7,1.98,5.7,Fully-Furnished,1,0,2900,14,15,3.8,0,38.59,27,3.75,37.14,1
NH-01293,Bengaluru,2,1,696,8,7,25,4.09,5.3,Semi-Furnished,2,1,2890,4,18,6.6,0,53.24,39,4.94,50.61,1
NH-00900,Bengaluru,2,2,820,18,3,5,0.2,5.9,Semi-Furnished,1,0,3820,7,14,6.9,0,57.63,86,4.94,54.78,0
NH-01221,Hyderabad,3,2,1153,5,5,7,3.03,4,Fully-Furnished,1,0,4610,8,11,7.3,0,51.01,40,4.25,48.84,1
NH-00783,Hyderabad,3,1,662,8,4,11,0.23,6.1,Unfurnished,0,1,3160,4,16,3.7,0,31.47,22,4.17,30.16,1
NH-00569,Bengaluru,1,2,1147,19,9,33,5.32,7.3,Unfurnished,1,1,3970,12,25,8.9,1,97.72,42,2.75,95.03,1
NH-01320,Pune,2,1,614,17,9,18,5.72,4,Fully-Furnished,1,1,2410,7,9,2.6,0,32.58,64,3.09,31.57,0
NH-00278,Hyderabad,2,3,1338,4,12,14,3.89,7.5,Unfurnished,1,0,5800,7,13,5.1,0,82.81,46,5.56,78.21,0
NH-00269,Pune,3,3,1399,25,5,12,9.42,1.6,Semi-Furnished,2,1,4760,25,19,6.6,0,52.82,184,11.78,46.6,0
NH-00686,Hyderabad,2,3,1329,14,4,13,2.56,8.9,Unfurnished,0,1,5690,11,17,5,1,82.15,25,4.03,78.84,1
NH-01352,Bengaluru,1,2,1166,15,21,34,1.71,3.7,Semi-Furnished,1,0,5360,7,21,8.5,1,108.69,29,5.43,102.79,1
NH-00427,Bengaluru,2,2,935,22,14,15,1.19,7.3,Semi-Furnished,2,0,5020,9,17,6,1,62.13,21,1.76,61.04,1
NH-00329,Hyderabad,2,3,1629,9,1,11,8.87,1.6,Unfurnished,1,0,6390,2,12,5.8,0,77.26,107,8.98,70.32,0
NH-01283,Hyderabad,2,4,2490,9,6,17,1.11,7.1,Unfurnished,1,0,14030,14,16,8.9,1,157.3,67,3.72,151.45,0
NH-01291,Bengaluru,2,3,1444,13,2,21,1.95,3.5,Fully-Furnished,1,0,5320,2,17,7.9,1,98.01,22,2.42,95.64,1
NH-00468,Bengaluru,2,2,1067,11,7,16,1.14,6.6,Fully-Furnished,1,0,5010,10,12,4.8,0,79.06,30,5.69,74.56,1
NH-00509,Hyderabad,3,3,1465,9,6,12,2.57,2.4,Fully-Furnished,1,0,5970,10,18,3.3,0,59.75,128,3.68,57.55,0
NH-01212,Hyderabad,2,3,1417,32,6,10,0.29,5.3,Fully-Furnished,2,0,4950,4,19,6.4,0,74.69,30,5.49,70.59,1
NH-00352,Hyderabad,2,2,866,18,1,7,0.61,7.1,Unfurnished,1,1,4310,11,16,7.6,1,51.96,66,6.46,48.6,0
NH-01031,Hyderabad,1,2,843,9,2,14,0.64,5.1,Unfurnished,1,0,3420,3,19,5.6,0,65.2,23,4.6,62.2,1
NH-00454,Bengaluru,3,3,1539,11,2,5,7.73,0.4,Semi-Furnished,2,1,5320,9,13,6.5,1,65.82,37,0.69,65.37,1
NH-01361,Bengaluru,1,2,1148,19,16,23,1.53,6.7,Fully-Furnished,2,1,6430,8,13,5.1,0,117.96,63,5.62,111.33,0
NH-00698,Hyderabad,2,3,1549,4,10,15,9.41,6.1,Fully-Furnished,1,0,7160,3,19,5.6,0,80.41,50,1.2,79.45,0
NH-00034,Bengaluru,3,4,1668,6,2,10,3.89,3.4,Semi-Furnished,0,0,8140,7,20,7.1,1,86.69,66,3.92,83.29,0
NH-00795,Pune,3,4,2642,15,1,4,12.41,2.5,Unfurnished,1,0,9930,5,10,5.2,0,96.4,163,6.01,90.61,0
NH-01042,Pune,2,2,835,14,15,15,12.09,3.7,Semi-Furnished,2,0,2760,4,9,4.2,0,44.24,232,12.89,38.54,0
NH-01278,Pune,2,1,731,32,7,8,0.31,4.5,Semi-Furnished,2,0,3190,4,13,7.1,1,41.31,55,5.59,39,0
NH-01366,Hyderabad,3,1,717,15,6,8,2.88,3,Unfurnished,1,0,2590,13,10,4.1,0,25.32,32,1.9,24.84,1
NH-01309,Bengaluru,2,3,1379,30,3,9,4.84,2.2,Fully-Furnished,1,0,4770,11,8,3.2,0,62.43,25,2.4,60.93,1
NH-00885,Pune,1,2,866,10,24,35,0.52,7.9,Semi-Furnished,0,0,3830,15,17,6.1,0,77.58,22,2.97,75.28,1
NH-00824,Pune,3,1,729,12,3,5,6.15,5.4,Unfurnished,0,0,2720,10,14,2,0,30.45,82,6.76,28.39,0
NH-00545,Bengaluru,1,2,1022,7,16,33,1.83,3.6,Semi-Furnished,1,0,4340,8,16,4,1,97.37,46,2.69,94.75,0
NH-00208,Hyderabad,3,3,1430,4,8,11,3.82,4.8,Fully-Furnished,2,0,5120,13,11,5.9,0,63.91,24,1.05,63.24,1
NH-00764,Hyderabad,3,2,978,34,6,6,1.02,1.3,Semi-Furnished,1,0,3020,8,17,5.8,0,32.73,62,5.87,30.81,0
NH-01314,Pune,2,2,884,9,2,7,1.2,0,Fully-Furnished,1,0,3190,8,15,4.9,0,54.6,84,7,50.78,0
NH-01327,Bengaluru,2,1,576,34,5,5,7.06,1.2,Fully-Furnished,1,1,1970,4,8,7.6,0,27.63,48,2.69,26.89,0
NH-00144,Hyderabad,1,3,1609,11,8,28,0.9,4,Unfurnished,1,0,6350,20,16,9,1,115.43,12,0,115.43,1
NH-00319,Bengaluru,3,3,1440,5,1,5,0.39,3.2,Semi-Furnished,1,0,4890,10,9,7.5,1,82.6,77,6.3,77.4,0
NH-00514,Hyderabad,1,2,961,29,14,31,2.75,4.4,Semi-Furnished,1,1,4000,16,11,4.5,1,63.26,17,3.67,60.94,1
NH-00303,Hyderabad,1,2,949,6,26,33,0.38,7.8,Fully-Furnished,2,0,3860,12,14,2.8,0,85.67,10,0.66,85.1,1
NH-01350,Bengaluru,2,2,1035,38,3,5,6.09,0.1,Fully-Furnished,1,0,2890,11,10,7.1,0,44.62,61,3.84,42.91,0
NH-00873,Pune,3,3,1719,21,3,4,3.94,5.1,Semi-Furnished,1,0,7780,6,10,6.3,0,63.69,83,5.57,60.14,0
NH-00695,Bengaluru,2,3,1651,21,8,18,2.07,5,Unfurnished,1,0,6090,2,8,5.2,0,122.18,39,9.73,110.29,1
NH-01267,Hyderabad,3,1,635,5,10,12,4.38,5.6,Semi-Furnished,2,0,2780,10,9,5.2,1,28.58,97,4.99,27.15,0
NH-01074,Bengaluru,1,2,936,9,25,26,1.64,5.9,Semi-Furnished,1,0,3610,13,17,5.4,1,89.7,24,0,89.7,1
NH-00703,Hyderabad,1,2,853,12,7,31,1.75,4.4,Semi-Furnished,1,0,4140,12,14,7.5,1,70.3,26,6.77,65.54,1
NH-00376,Bengaluru,1,2,915,7,26,33,0.2,7.2,Unfurnished,1,0,4360,2,20,4.7,1,97.33,26,1.38,95.99,1
NH-00516,Pune,2,1,533,33,13,17,1.93,3.6,Semi-Furnished,2,1,2220,3,9,9.3,0,27.31,58,3.93,26.24,0
NH-00264,Hyderabad,3,1,661,21,7,8,2.19,5.2,Unfurnished,0,0,3350,12,12,7.3,0,26.8,51,7.61,24.76,0
NH-00830,Bengaluru,2,2,809,4,5,24,2.66,3.6,Unfurnished,1,0,2930,8,15,8.5,0,55.25,31,3.27,53.44,1
NH-01247,Bengaluru,3,2,1118,16,12,14,6.86,5.6,Semi-Furnished,2,1,4770,4,14,6.2,0,61.25,167,10.95,54.54,0
NH-00996,Pune,2,2,1039,4,12,13,0.75,4.7,Fully-Furnished,2,0,2510,5,19,8.1,0,78.28,41,5.15,74.25,1
NH-01033,Bengaluru,2,3,1354,17,10,24,0.2,4,Unfurnished,1,1,4020,2,16,6.9,1,90.94,67,2.56,88.61,0
NH-00375,Pune,2,2,1088,17,4,5,0.2,6.7,Semi-Furnished,1,1,3550,13,9,7.2,0,68.09,15,2,66.73,1
NH-00704,Bengaluru,2,4,2270,9,3,8,0.57,5,Unfurnished,2,0,7340,3,10,5.7,0,212.24,133,10.82,189.28,0
NH-00275,Hyderabad,2,4,2124,9,3,5,0.49,10,Unfurnished,1,0,13380,7,13,5.5,1,127.1,24,1.87,124.72,1
NH-01255,Pune,2,3,1445,36,3,19,8.16,4.6,Unfurnished,2,1,5260,4,15,4.9,1,55.02,46,0.06,54.99,0
NH-00872,Pune,3,4,1955,10,9,12,1.04,5.4,Fully-Furnished,1,0,7310,6,13,6.2,1,94.35,60,2.89,91.62,0
NH-00201,Hyderabad,3,2,980,3,8,12,1.9,5.1,Unfurnished,2,1,3450,16,6,7,0,44.38,57,1.95,43.51,0
NH-00862,Bengaluru,2,3,1637,35,9,21,2.94,4.3,Unfurnished,0,1,5110,7,14,6.3,0,88.39,55,4.02,84.84,0
NH-01010,Bengaluru,2,3,1494,9,6,6,8.64,5.4,Unfurnished,1,0,7980,13,15,6.2,1,92.49,117,5.6,87.31,0
NH-01369,Pune,3,2,1015,12,5,6,3.96,6.8,Fully-Furnished,1,0,5270,6,13,6.9,0,47.6,116,7.9,43.84,0
NH-01081,Pune,3,4,2161,31,8,14,3.98,0,Fully-Furnished,1,0,8960,7,14,4.1,0,79.79,59,6.17,74.87,0
NH-00088,Pune,3,3,1493,27,1,4,2.11,2.1,Unfurnished,1,0,4660,2,9,3.5,0,47.47,127,6.55,44.36,0
NH-00646,Hyderabad,1,4,2540,22,27,30,1.51,6.1,Unfurnished,1,0,11720,11,11,5.6,1,215.89,50,2.28,210.97,0
NH-00968,Bengaluru,2,4,1916,7,5,12,14.6,2.8,Unfurnished,1,0,7490,13,9,5.1,0,106.22,175,7.68,98.06,0
NH-00811,Hyderabad,1,2,1388,3,14,27,3.86,5.7,Semi-Furnished,0,0,5450,12,23,7.5,0,109.68,28,3.82,105.49,1
NH-00307,Pune,1,1,646,6,5,16,1.93,7.1,Semi-Furnished,1,0,3400,5,9,3.9,1,58.74,30,3.16,56.88,1
NH-00484,Bengaluru,1,2,1083,25,11,26,0.53,1.6,Semi-Furnished,1,0,3550,11,12,5.6,1,65.95,14,0.64,65.53,1
NH-01370,Bengaluru,3,3,1585,2,1,8,1.5,0.9,Semi-Furnished,1,0,6130,9,13,7.1,0,91.88,90,7.4,85.08,0
NH-00995,Bengaluru,3,3,1324,32,6,9,1.42,2.2,Unfurnished,1,0,5090,15,13,3.9,0,47.55,54,1.76,46.71,0
NH-00758,Pune,2,2,1017,14,3,8,1.87,5.7,Unfurnished,1,0,4790,11,19,5,1,57.45,25,2.02,56.29,1
NH-00951,Hyderabad,3,2,1141,19,1,6,1.35,5,Unfurnished,1,0,3690,8,14,4.6,1,42.83,49,2.8,41.63,0
NH-00112,Bengaluru,2,3,1407,11,10,12,1.72,3.6,Semi-Furnished,0,0,3170,18,9,8,0,99.91,23,3.62,96.29,1
NH-00924,Bengaluru,3,2,1090,3,1,4,4.57,10,Semi-Furnished,0,0,5760,23,12,6.3,0,62.84,23,1.66,61.8,1
NH-01190,Bengaluru,3,2,851,14,4,6,3.31,6,Fully-Furnished,1,0,3570,1,14,7.9,0,45.78,55,5,43.49,0
NH-00560,Bengaluru,3,2,1394,17,1,5,0.68,2.2,Fully-Furnished,1,0,5500,6,15,8.5,0,70.74,65,3.91,67.97,0
NH-00794,Hyderabad,2,2,992,17,4,6,0.95,7.5,Unfurnished,2,0,3450,4,16,4.1,0,51.29,34,1.69,50.42,1
NH-00605,Hyderabad,3,3,1351,4,5,10,0.2,2.5,Unfurnished,1,0,4490,8,11,5.5,1,60.36,42,1.79,59.28,1
NH-00050,Pune,3,2,1096,6,8,11,1.99,7.5,Fully-Furnished,1,0,5060,7,9,7,0,58.22,118,3.51,56.18,0
NH-00663,Bengaluru,2,3,1196,6,9,24,4.74,7.9,Semi-Furnished,2,0,4670,4,11,5,0,96.88,48,4.46,92.56,0
NH-01099,Bengaluru,2,3,1312,20,2,5,3.32,,Fully-Furnished,1,0,3640,9,15,4.2,0,72.44,69,4.93,68.87,0
NH-00391,Bengaluru,1,1,612,7,1,24,1.32,8.1,Semi-Furnished,1,0,2840,4,18,4.4,0,58.85,15,1,58.26,1
NH-00628,Hyderabad,1,2,860,7,2,11,4.01,10,Fully-Furnished,1,0,3770,13,9,4.5,1,67.42,10,0.27,67.24,1
NH-01137,Pune,3,1,527,12,7,14,3.38,5.3,Unfurnished,2,0,2460,10,12,5.1,0,22.68,93,4.27,21.71,0
NH-00114,Hyderabad,2,2,988,26,13,13,1.04,6.2,Semi-Furnished,1,0,4080,5,10,5.8,1,57.61,45,7.94,53.04,1
NH-00734,Pune,3,2,975,6,1,9,0.2,2.8,Unfurnished,1,0,3830,10,15,4.6,0,48.25,69,4.96,45.86,0
NH-00939,Bengaluru,3,1,603,12,4,5,0.99,3.2,Unfurnished,2,1,3430,7,8,2.3,0,33.33,46,5.48,31.5,0
NH-01064,Hyderabad,2,2,1034,11,5,13,2.09,6.4,Unfurnished,1,0,3940,3,12,4,0,56.48,99,2.63,54.99,0
NH-01141,Hyderabad,2,2,1022,30,5,9,0.2,2.8,Fully-Furnished,1,0,3610,21,10,8.2,0,44.75,61,1.63,44.02,0
NH-00973,Bengaluru,2,3,1485,4,3,5,1.75,7,Unfurnished,2,1,4310,14,13,4.3,0,125.46,91,5.63,118.4,0
NH-00993,Pune,1,2,920,31,9,17,3.59,5.2,Semi-Furnished,0,0,3710,9,12,6.5,0,63.83,84,9.34,57.87,0
NH-00085,Pune,1,2,1192,12,7,25,1.79,6.4,Unfurnished,2,0,4810,15,20,7.6,0,89.96,22,0.6,89.42,1
NH-00283,Hyderabad,1,3,1700,17,10,16,0.2,3.6,Unfurnished,2,0,6610,9,20,3.5,1,125.2,50,4.93,119.03,0
NH-01284,Bengaluru,1,3,1148,7,15,22,2.84,6,Unfurnished,1,0,6970,11,16,7.8,1,122.44,80,6.16,114.9,0
NH-00132,Hyderabad,3,2,760,12,2,8,3.98,3.4,Unfurnished,1,0,2410,4,16,5.5,0,26.78,54,3.33,25.89,0
NH-00608,Hyderabad,3,4,2471,12,2,4,12.33,7.5,Semi-Furnished,1,0,10070,8,8,6.9,0,78.1,138,6.04,73.38,0
NH-01161,Hyderabad,2,2,860,10,5,15,2.56,2.6,Fully-Furnished,2,0,2470,15,9,5.7,0,46.28,52,3.41,44.7,0
NH-00342,Bengaluru,2,2,863,21,4,8,0.4,,Unfurnished,1,0,3870,23,15,1.8,1,56.27,16,4.44,53.77,1
NH-01275,Pune,3,1,613,12,3,5,4.24,1.5,Semi-Furnished,0,0,2110,5,8,4.7,0,24.27,194,7.48,22.45,0
NH-01034,Bengaluru,2,3,1142,10,8,12,1.64,3.2,Unfurnished,0,0,4080,7,16,2.2,1,79.86,30,4.66,76.14,1
NH-01127,Bengaluru,1,3,1487,21,6,19,1.14,0.4,Semi-Furnished,1,1,4540,3,19,3.5,1,129.66,87,6.91,120.7,0
NH-01130,Pune,3,4,1948,10,9,9,0.43,5.4,Semi-Furnished,1,0,7360,5,13,3.9,1,97.33,19,0.87,96.48,1
NH-00079,Pune,2,4,2343,9,2,10,3.8,2.9,Unfurnished,1,0,9710,9,21,5.4,0,133.02,54,2.6,129.56,0
NH-01348,Hyderabad,3,2,769,9,3,7,6.14,5.1,Fully-Furnished,1,0,2680,11,13,3.5,0,31.6,117,5.64,29.82,0
NH-00005,Bengaluru,3,2,1089,30,7,11,0.58,0,Unfurnished,2,1,3480,25,12,4.5,0,35.95,46,1.49,35.41,0
NH-00063,Hyderabad,2,1,656,14,22,23,0.78,4.3,Semi-Furnished,1,0,2420,16,17,8.9,0,38.12,22,3.95,36.61,1
NH-00934,Hyderabad,3,3,1643,30,2,6,1.33,,Semi-Furnished,1,0,4170,8,14,6.9,0,53.41,77,2.79,51.92,0
NH-01051,Bengaluru,2,1,642,8,13,19,1.65,4.9,Semi-Furnished,2,0,3210,5,7,6.2,1,46.61,55,5.5,44.05,0
NH-00220,Pune,2,1,627,18,1,9,4.29,6.8,Semi-Furnished,2,0,2700,9,16,6.6,0,34.97,19,2.32,34.16,1
NH-00947,Pune,2,3,1368,16,12,21,0.66,6.8,Fully-Furnished,1,0,6400,7,16,9.3,0,91.91,23,3.8,88.42,1
NH-00153,Pune,3,3,1879,11,3,12,1.33,8.2,Semi-Furnished,1,0,9270,10,12,8.2,0,100.01,26,4.2,95.81,1
NH-00308,Bengaluru,2,2,1029,19,8,12,0.55,2.7,Unfurnished,1,0,4360,8,12,3.3,1,61.7,45,2.08,60.42,1
NH-00836,Bengaluru,1,2,1021,9,1,24,0.2,4.1,Fully-Furnished,0,0,4580,8,24,7.8,0,85.87,80,1.99,84.16,0
NH-01035,Bengaluru,2,3,1087,14,19,24,1,4.9,Unfurnished,2,0,4180,5,10,4,1,75.21,14,2.17,73.58,1
NH-00736,Bengaluru,3,2,1085,17,7,9,1.41,5.2,Unfurnished,1,0,4440,8,13,8.5,1,51.66,38,3,50.11,1
NH-00204,Bengaluru,1,2,968,22,1,8,0.32,1.7,Semi-Furnished,1,0,3050,5,19,6,0,74.45,84,3.52,71.83,0
NH-00976,Bengaluru,3,2,1030,18,6,14,0.46,2.7,Semi-Furnished,1,0,3860,25,14,6.8,1,48.89,51,4.03,46.92,0
NH-00517,Bengaluru,2,3,1641,10,17,22,1.27,4.3,Unfurnished,1,0,7120,9,7,6.3,0,109.38,55,2.88,106.23,0
NH-00296,Hyderabad,2,2,1017,19,12,13,2.22,4.6,Semi-Furnished,1,0,3770,13,13,6.4,1,55.86,39,2.56,54.43,1
NH-00972,Pune,3,2,1017,17,1,14,0.2,0,Fully-Furnished,1,0,3270,6,7,5.8,0,48.22,216,12.24,42.32,0
NH-00383,Hyderabad,1,3,1474,27,13,18,0.2,2.3,Unfurnished,2,0,3020,18,21,5,1,99.38,40,4.03,95.37,1
NH-00888,Pune,3,1,539,9,1,5,5.68,5.3,Semi-Furnished,0,0,2270,5,13,5.5,0,21.56,35,4.7,20.55,1
NH-00130,Bengaluru,1,3,1375,9,17,34,3.19,3.7,Unfurnished,2,1,5950,14,16,6.2,1,135.67,22,5.11,128.74,1
NH-00922,Hyderabad,2,3,1536,3,1,14,2.91,3.7,Semi-Furnished,0,0,4030,5,19,9,1,79.64,29,0.74,79.05,1
NH-00101,Pune,3,3,1389,29,6,12,9.03,4.4,Semi-Furnished,1,1,5510,3,13,4.6,1,49.72,72,6.66,46.41,0
NH-01185,Pune,3,2,1209,22,2,12,3.1,6,Unfurnished,2,1,5300,6,9,4.8,0,54.15,74,6.64,50.55,0
NH-01333,Pune,1,4,2467,13,1,26,5.06,5.3,Semi-Furnished,1,0,12020,14,19,7.1,1,209.49,30,1.8,205.72,1
NH-01044,Hyderabad,2,1,524,33,6,6,2.08,2.2,Semi-Furnished,0,0,2120,12,10,6.3,0,19.04,17,1.32,18.79,1
NH-00072,Bengaluru,3,2,1058,15,6,7,1.55,2.8,Unfurnished,1,0,5420,19,12,3.8,0,47.6,35,1.34,46.96,1
NH-00401,Hyderabad,2,2,979,26,9,21,3.89,3.4,Fully-Furnished,0,0,4170,5,14,4.4,0,46.78,81,3.39,45.19,0
NH-00631,Hyderabad,2,2,913,13,2,7,1.08,1.3,Unfurnished,1,0,3810,4,13,6.5,1,40.9,17,0.64,40.64,1
NH-00262,Pune,3,1,585,20,6,6,4.4,3.1,Semi-Furnished,1,0,1890,5,16,8.2,1,21.89,54,4.7,20.86,0
NH-00503,Hyderabad,3,2,962,2,5,8,4.53,4,Unfurnished,1,0,2550,10,9,3.3,1,40.8,88,4.44,38.99,0
NH-00737,Bengaluru,2,3,1560,15,9,12,4.78,0.8,Semi-Furnished,1,0,5660,13,15,7.9,0,96.02,50,3.98,92.2,0
NH-01347,Hyderabad,3,2,1118,7,8,12,6.96,0.5,Unfurnished,1,0,5030,6,7,8,0,34.99,29,1.01,34.64,1
NH-00791,Bengaluru,2,4,2374,38,3,6,1.41,4.1,Unfurnished,1,0,9710,10,13,5.9,1,134.31,45,4.21,128.66,1
NH-00602,Hyderabad,2,2,814,13,19,24,1.23,4.7,Fully-Furnished,0,0,3470,1,20,6.4,1,45.72,14,0.35,45.56,1
NH-00371,Hyderabad,3,4,2032,11,1,4,3.98,5.3,Fully-Furnished,2,0,6830,3,12,5.1,0,89.56,58,5.34,84.78,0
NH-00135,Hyderabad,3,2,1038,4,3,6,7.98,6.1,Unfurnished,0,0,2560,20,6,4.2,1,40.17,45,4.01,38.56,1
NH-00692,Hyderabad,2,2,1036,19,17,24,0.2,4.7,Fully-Furnished,1,0,5210,14,9,7.2,0,64.75,18,3.75,62.32,1
NH-01279,Pune,2,3,1771,17,8,8,0.75,3.8,Semi-Furnished,2,0,6620,22,19,7.1,0,106.93,49,4.36,102.27,0
NH-00561,Pune,2,4,1887,24,4,15,0.2,6.1,Unfurnished,1,0,7860,10,11,7.4,0,92.71,21,0,92.71,1
NH-00909,Bengaluru,2,3,1704,10,4,5,2.05,4.5,Unfurnished,2,0,5820,7,12,8.1,0,123.21,114,7.11,114.45,0
NH-01018,Pune,3,3,1205,19,6,9,4.91,,Fully-Furnished,1,0,3260,5,6,5.5,0,50.37,71,6.85,46.92,0
NH-00117,Pune,2,2,924,15,4,12,6.87,5.7,Semi-Furnished,1,0,4350,6,13,5.7,1,46.52,14,4.49,44.43,1
NH-00823,Bengaluru,2,2,1010,3,18,24,2.41,3.9,Unfurnished,2,0,3940,1,14,8,1,84.66,36,5.59,79.93,1
NH-00211,Bengaluru,3,2,960,8,10,11,4.58,2.8,Unfurnished,1,0,3410,4,12,6.8,0,47.83,30,0.95,47.38,1
NH-00388,Hyderabad,2,2,1048,6,16,20,0.2,6.8,Unfurnished,0,0,4980,10,17,5.6,1,62.93,21,2.05,61.64,1
NH-00981,Bengaluru,3,3,1454,4,12,14,0.62,6.8,Unfurnished,1,0,5850,12,12,7,0,79.76,33,1.09,78.89,1
NH-00422,Hyderabad,3,2,1105,36,5,13,5.24,0.6,Semi-Furnished,1,0,3150,9,6,4,1,34.23,100,8.57,31.3,0
NH-00230,Bengaluru,3,2,1036,8,2,8,4.58,1.7,Semi-Furnished,1,0,3840,7,16,5.2,1,53.79,28,4.88,51.17,1
NH-00064,Pune,2,2,1143,9,2,13,5.88,,Unfurnished,2,0,4450,8,8,7.2,0,58.92,84,4.11,56.5,0
NH-00340,Bengaluru,1,1,472,10,1,9,0.25,1.9,Unfurnished,1,0,1290,18,16,5.1,0,43.49,101,8.28,39.89,0
NH-00337,Hyderabad,1,2,1084,6,9,11,1.39,6.4,Fully-Furnished,1,0,5500,15,22,3.6,0,92.54,35,2.95,89.81,1
NH-01395,Pune,1,3,1557,10,12,25,0.2,2.5,Fully-Furnished,2,0,6050,3,19,8,1,147.22,47,5.64,138.92,0
NH-01262,Hyderabad,2,2,897,8,5,11,1.3,3.9,Semi-Furnished,0,0,3020,2,11,4.5,0,50.41,25,1.72,49.54,1
NH-00097,Pune,3,2,952,7,14,14,3.63,6.9,Semi-Furnished,0,0,3430,12,6,5.7,0,42.08,61,1.32,41.52,0
NH-01272,Hyderabad,1,2,1156,15,10,11,1.74,10,Fully-Furnished,0,1,5410,2,14,4,0,103.87,20,4.56,99.13,1
NH-00915,Pune,3,2,918,8,6,12,0.2,4.4,Unfurnished,2,0,3330,1,12,5.8,0,49.52,70,7.89,45.61,0
NH-00099,Pune,3,3,1361,10,3,4,8.52,6.2,Semi-Furnished,1,1,6150,16,17,5.7,0,55.34,86,4.4,52.91,0
NH-00109,Bengaluru,3,1,657,25,3,14,3.51,3.5,Unfurnished,2,1,3550,6,14,7.4,0,30.34,56,5.23,28.75,0
NH-01273,Pune,1,4,2063,14,15,20,3.11,4.8,Unfurnished,1,0,10080,8,14,2.4,1,164.32,20,2.85,159.64,1
NH-01016,Hyderabad,3,2,918,11,4,10,0.2,4.8,Unfurnished,1,0,3470,17,15,6.9,0,38.24,25,1.91,37.51,1
NH-01135,Hyderabad,3,3,1069,20,6,10,6.06,5.9,Fully-Furnished,1,0,4990,9,6,4.2,1,37.46,60,4,35.96,0
NH-00609,Bengaluru,2,2,1091,11,14,21,0.39,3.1,Fully-Furnished,2,0,3310,14,21,6.7,0,80.75,89,4.02,77.5,0
NH-00637,Bengaluru,3,3,1337,12,3,5,3.52,4.2,Semi-Furnished,1,0,6130,7,8,1.5,0,65.05,51,4.67,62.01,0
NH-01356,Hyderabad,2,2,1182,8,1,15,1.12,7.5,Semi-Furnished,1,0,5670,9,15,5.4,0,75.44,48,3.88,72.51,0
NH-00346,Bengaluru,2,2,1159,12,7,8,2.65,0.1,Semi-Furnished,1,0,4370,18,10,4.6,0,70.15,11,1.17,69.33,1
NH-00808,Pune,2,3,1552,10,5,14,0.2,7.6,Fully-Furnished,0,0,9050,5,13,6,0,104.6,143,5.88,98.45,0
NH-00099,Pune,3,3,1361,10,3,4,8.52,6.2,Semi-Furnished,1,1,6150,16,17,5.7,0,55.34,86,4.4,52.91,0
NH-01146,Hyderabad,3,3,1465,13,1,8,5.05,4,Semi-Furnished,2,0,5400,14,10,7.4,0,56.55,54,3.74,54.44,0
NH-01098,Bengaluru,2,2,1044,14,13,18,4.22,4.5,Unfurnished,2,0,3930,13,7,4.1,0,67.55,64,2.04,66.17,0
NH-01207,Pune,2,2,1023,9,5,6,5.15,5,Fully-Furnished,2,0,3340,7,15,6.4,0,67.03,19,4.99,63.69,1
NH-00075,Hyderabad,3,3,1448,9,6,12,1.39,4.2,Semi-Furnished,1,0,7450,4,11,7.8,0,67.09,95,8.07,61.68,0
NH-00266,Bengaluru,3,1,741,20,11,14,5.27,7,Unfurnished,1,0,3690,8,11,5.7,0,33.58,56,3.88,32.28,0
NH-01373,Pune,2,2,1112,24,2,23,1.78,5.3,Semi-Furnished,2,1,4350,10,15,7.6,0,62.15,32,2.54,60.57,1
NH-00959,Hyderabad,1,2,905,23,11,13,2.3,7.7,Semi-Furnished,1,0,5480,10,13,6.9,1,64.63,22,2.18,63.22,1
NH-01202,Pune,3,1,631,32,5,6,0.85,0.5,Semi-Furnished,1,1,1720,7,13,5.9,1,20.92,29,0,20.92,1
NH-00012,Bengaluru,1,3,1374,32,15,27,5.81,7.7,Unfurnished,0,0,6040,7,11,6,0,98.99,24,4.08,94.95,1
NH-00662,Bengaluru,2,2,1063,38,11,19,1.75,4.9,Unfurnished,2,0,3740,14,14,3.1,0,57.48,78,3.65,55.38,0
NH-00356,Bengaluru,3,1,574,27,9,10,4.17,4.7,Fully-Furnished,1,0,2290,6,8,8,0,26.71,98,7.2,24.79,0
NH-00028,Bengaluru,3,2,1137,34,3,11,5.28,6.7,Fully-Furnished,1,0,4700,6,12,6.2,1,53.41,61,7.37,49.47,0
NH-00670,Hyderabad,2,4,2218,16,1,7,4.41,3.4,Fully-Furnished,1,0,8540,11,11,5.1,0,108.8,82,2.51,106.07,0
NH-00983,Hyderabad,2,4,2154,9,11,11,0.56,4,Semi-Furnished,1,1,7390,6,18,6.1,0,144.93,47,1.62,142.58,0
NH-00425,Bengaluru,3,3,1190,14,3,4,4.44,3.3,Semi-Furnished,2,1,5170,8,14,5,0,59.04,45,1.94,57.89,1
NH-00025,Bengaluru,3,3,1386,15,4,8,4.22,1.6,Semi-Furnished,1,0,4430,19,17,5.4,0,62.33,29,3.48,60.16,1
NH-00752,Bengaluru,3,1,628,8,3,8,3.81,6.3,Unfurnished,1,0,3080,8,16,6,1,33.9,85,3.97,32.55,0
NH-00331,Pune,3,2,1038,9,4,7,1.32,1.1,Semi-Furnished,0,0,4070,25,15,5.4,0,43.51,74,2.78,42.3,0
NH-01017,Bengaluru,2,3,1546,31,2,16,5.91,6.3,Semi-Furnished,2,0,5210,13,15,2.7,0,76.47,25,2.8,74.33,1
NH-00502,Hyderabad,1,1,570,12,17,28,2.49,3.2,Fully-Furnished,1,0,1990,12,14,8,0,41.85,23,0,41.85,1
NH-00729,Bengaluru,2,2,997,8,15,17,2.15,5.6,Semi-Furnished,1,0,4140,8,13,5.5,0,71.79,31,2.78,69.79,1
NH-00912,Hyderabad,2,2,1119,16,5,5,9.3,7.6,Unfurnished,1,0,4820,14,24,8.5,0,50.43,49,4.58,48.12,0
NH-00937,Pune,2,3,1516,20,1,5,8.47,4.2,Semi-Furnished,2,0,7070,14,13,7,0,73.86,48,2.69,71.87,0
NH-00966,Hyderabad,2,3,1497,18,11,12,2.58,5.6,Unfurnished,2,0,8000,13,16,8,1,82.39,39,4.22,78.91,1
NH-01389,Pune,3,2,1013,8,4,4,2.48,5.3,Unfurnished,1,1,4160,4,10,5.9,1,46.82,106,4.43,44.75,0
NH-00169,Pune,3,2,935,18,7,7,6.02,1.8,Unfurnished,0,0,3470,7,14,6.6,1,31.2,140,4.4,29.83,0
NH-00287,Pune,3,2,898,8,10,13,4.6,1.6,Semi-Furnished,1,1,2720,7,7,7.3,0,41.88,79,6.19,39.29,0
NH-01331,Bengaluru,2,3,1431,4,18,25,2.02,4.7,Semi-Furnished,2,0,6210,3,14,6.5,1,114.79,45,3.73,110.51,1
NH-01091,Bengaluru,1,3,1243,16,7,35,0.4,5.4,Semi-Furnished,0,0,4710,8,10,6.4,0,116.43,73,6.67,108.66,0
NH-00654,Hyderabad,1,1,644,18,11,29,8.75,5.2,Unfurnished,0,1,2620,5,14,9.1,1,37.38,50,1.75,36.73,0
NH-00738,Bengaluru,3,2,1026,5,5,11,5.43,7.8,Unfurnished,2,0,4060,9,20,4.6,0,57.55,87,4.88,54.74,0
NH-00015,Bengaluru,3,2,875,8,7,9,4.54,3.6,Unfurnished,1,0,2810,25,16,6.8,1,43.65,48,3.43,42.15,0
NH-00420,Bengaluru,1,2,1022,5,18,22,2.33,5.1,Unfurnished,1,0,3720,6,13,4.8,0,97.99,61,3.65,94.41,0
NH-00189,Bengaluru,1,3,1580,11,11,11,0.77,7.7,Unfurnished,1,0,5600,4,15,5.1,0,160.93,68,5.48,152.11,0
NH-00653,Bengaluru,2,3,1968,8,4,8,0.29,3,Semi-Furnished,1,0,6090,9,14,5.7,0,149.94,87,5.84,141.18,0
NH-00680,Bengaluru,1,2,1050,18,17,22,3.81,6,Fully-Furnished,1,0,3100,11,21,7.2,0,95.41,25,3.27,92.29,1
NH-00437,Pune,2,3,1863,10,5,23,2.28,7.9,Unfurnished,2,0,9310,7,16,8.7,1,118.7,17,0.83,117.71,1
NH-01303,Pune,2,3,1729,14,22,23,0.91,5.6,Semi-Furnished,1,0,7690,13,13,8,0,107.18,75,4.47,102.39,0
NH-01045,Bengaluru,2,4,1925,17,20,22,0.2,10,Unfurnished,2,0,10280,17,13,4.5,0,153.65,11,3.34,148.52,1
NH-00567,Bengaluru,2,3,1671,21,7,9,2.01,3.6,Unfurnished,0,0,6210,16,11,8.8,0,101.28,45,5.75,95.46,1
NH-00417,Bengaluru,3,2,1090,8,5,6,8.7,5.2,Semi-Furnished,1,0,3870,15,13,4.9,0,50.85,113,4.62,48.5,0
NH-00984,Hyderabad,3,4,2186,17,6,12,0.77,6.7,Fully-Furnished,2,0,9540,4,7,10,1,129.57,201,14.55,110.72,0
NH-01071,Pune,3,3,1257,17,3,14,1.73,2.5,Fully-Furnished,0,0,5480,6,10,6.8,0,47.96,54,0.14,47.89,0
NH-00857,Hyderabad,3,1,719,15,5,10,3.37,5.5,Unfurnished,1,1,3640,7,14,5.3,0,28.99,71,4.38,27.72,0
NH-00408,Pune,1,1,484,3,11,11,1.87,6.6,Semi-Furnished,2,0,2300,12,22,7,0,48.36,28,4.3,46.28,1
NH-00588,Bengaluru,1,2,965,14,18,35,0.65,6.7,Semi-Furnished,1,0,2710,5,13,4.7,0,91.94,46,0.86,91.15,0
NH-00397,Hyderabad,2,2,1055,6,1,19,4.44,2.8,Semi-Furnished,1,1,3880,3,26,9,0,57.98,99,4.08,55.61,0
NH-00838,Bengaluru,3,2,846,16,7,8,2.1,3.9,Unfurnished,1,0,3360,4,13,7.8,0,43.66,70,6.1,41,0
NH-00367,Hyderabad,1,2,1117,4,4,28,1.21,7.2,Semi-Furnished,2,0,5000,3,22,6.6,1,96.43,56,3.89,92.68,0
NH-01027,Bengaluru,3,4,2095,9,2,10,1.77,8.4,Unfurnished,1,0,11090,24,8,4.9,0,133.65,85,5.66,126.09,0
NH-01111,Bengaluru,1,3,1434,38,4,18,7.06,5.4,Fully-Furnished,1,0,6270,7,13,7.5,0,103.19,33,5.95,97.05,1
NH-00193,Bengaluru,2,2,685,6,7,18,2.92,5.1,Unfurnished,0,1,2990,3,14,5.8,0,50.55,54,4.41,48.32,0
NH-00150,Bengaluru,2,2,990,35,18,23,0.51,0,Fully-Furnished,1,0,2890,5,17,4.9,0,51.01,80,5.11,48.4,0
NH-00952,Bengaluru,2,2,1009,16,6,25,0.96,7,Unfurnished,2,0,4950,6,11,7.5,0,68.02,57,5.24,64.46,0
NH-00842,Bengaluru,1,3,1331,6,32,32,4.12,5.3,Semi-Furnished,1,0,4140,8,22,4,1,135.97,49,5,129.17,0
NH-00908,Bengaluru,1,2,1017,19,7,9,4.68,5.5,Unfurnished,0,0,4660,5,21,4.9,0,77.5,37,1.56,76.29,1
NH-00300,Bengaluru,1,1,627,6,6,10,0.2,5.7,Semi-Furnished,2,0,2870,4,10,7.9,0,65.86,69,1.42,64.92,0
NH-00920,Bengaluru,2,2,1112,30,6,9,0.53,2.7,Semi-Furnished,1,0,3120,4,21,6.1,0,60.35,53,1.98,59.16,0
NH-00784,Hyderabad,2,1,683,26,12,22,1.24,5,Semi-Furnished,0,0,2670,12,18,4.2,0,33.95,11,2.05,33.25,1
NH-01306,Pune,1,2,824,18,14,19,2.7,6.6,Semi-Furnished,1,1,3910,7,18,7.6,0,67.3,44,2.34,65.73,1
NH-00241,Pune,1,2,807,18,3,32,0.2,4.2,Unfurnished,0,0,3320,13,25,7.5,1,53.96,52,1.95,52.91,0
NH-00200,Pune,2,4,2239,22,11,11,2.1,9.1,Semi-Furnished,1,0,11830,5,14,7.7,0,150.43,55,4.08,144.29,0
NH-00046,Bengaluru,1,2,1050,12,2,17,3.82,8.9,Semi-Furnished,1,0,5540,5,19,7.5,1,102.65,40,4.51,98.02,1
NH-00977,Hyderabad,3,3,1546,12,5,11,2.1,1.5,Semi-Furnished,1,0,5820,11,18,5.1,0,59.82,130,4.96,56.85,0
NH-00541,Bengaluru,1,3,1398,18,19,20,2.85,6.3,Unfurnished,2,1,5200,9,10,7.7,0,132.31,63,4.12,126.86,0
NH-00803,Pune,2,2,805,21,20,23,3.13,5.8,Semi-Furnished,1,1,3270,2,20,8.5,0,54.37,55,9.99,48.94,0
NH-00138,Bengaluru,3,4,2414,16,9,14,1.74,5,Unfurnished,1,0,11960,3,12,3.4,0,140.21,108,6.14,131.6,0
NH-01151,Bengaluru,1,2,1190,8,1,13,2.79,5.7,Semi-Furnished,2,0,4290,2,19,6,0,119.58,69,5.1,113.48,0
NH-01285,Hyderabad,2,2,1117,8,21,24,0.97,4.9,Unfurnished,2,1,4760,7,12,6.3,0,72.39,39,2.63,70.49,1
NH-00534,Pune,3,3,1439,16,1,4,1.11,8.4,Semi-Furnished,1,0,6630,20,11,5.6,1,68.98,31,2.76,67.08,1
NH-00914,Pune,2,2,1074,24,14,14,5.19,5.7,Unfurnished,1,0,3650,8,15,6,0,58.02,129,9.48,52.52,0
NH-01132,Bengaluru,3,1,555,12,5,5,1.76,8.6,Fully-Furnished,1,0,2810,8,12,2.9,1,30.81,44,0.79,30.57,1
NH-00921,Bengaluru,1,3,1569,20,11,35,1.88,4.9,Semi-Furnished,1,0,5300,11,21,6.2,1,115.58,56,0.33,115.2,0
NH-01169,Bengaluru,2,2,805,17,19,21,0.69,2.1,Unfurnished,2,0,3200,6,15,7.6,0,54.56,181,8.48,49.93,0
NH-00382,Bengaluru,2,3,1551,8,2,5,2.43,4.5,Semi-Furnished,2,0,5220,10,17,6.7,0,114.46,33,3.15,110.85,1
NH-00882,Bengaluru,2,2,760,5,4,7,0.53,8.3,Fully-Furnished,0,0,2220,6,16,7.7,1,64.17,88,6.92,59.73,0
NH-01383,Pune,2,2,1117,23,1,13,5.88,3.2,Fully-Furnished,1,0,4680,9,21,6.4,0,54.42,135,4.85,51.78,0
NH-00639,Pune,2,3,1233,7,6,6,1.02,1.8,Fully-Furnished,1,0,3150,18,14,6.3,0,74.58,31,1.75,73.27,1
NH-00449,Pune,3,2,1199,5,5,10,2.87,2.7,Semi-Furnished,2,0,3550,3,7,8,0,60.96,62,5.02,57.9,0
NH-00511,Bengaluru,1,4,2137,8,10,11,1.21,5.5,Fully-Furnished,1,0,7730,6,18,3.6,0,225.9,20,2.95,219.24,1
NH-00424,Hyderabad,2,3,1499,7,9,25,3.09,6,Semi-Furnished,0,0,5780,14,23,6.9,0,88.64,62,4.1,85.01,0
NH-00007,Hyderabad,1,3,1403,31,3,11,0.2,4.6,Fully-Furnished,2,1,6150,9,15,7.8,1,105.57,54,7.2,97.97,0
NH-00098,Pune,3,3,1536,10,8,8,0.5,5.8,Fully-Furnished,1,0,5600,5,16,5,0,80.25,42,3.54,77.41,1
NH-00411,Bengaluru,1,3,1674,35,8,8,1.37,5.2,Unfurnished,1,0,6190,6,15,6.2,0,106.91,51,1.71,105.08,0
NH-00159,Bengaluru,1,2,934,14,23,23,0.47,10,Semi-Furnished,1,1,5120,12,9,5.5,0,105.03,17,1.39,103.57,1
NH-00565,Pune,3,4,2403,25,5,10,1.19,1.4,Semi-Furnished,2,1,8000,7,14,7.9,0,89.23,50,3.73,85.9,0
NH-00641,Hyderabad,2,3,1421,13,17,20,14.96,5.5,Semi-Furnished,1,0,3700,4,12,3.6,1,63.02,94,6.31,59.04,0
NH-01143,Pune,2,3,1238,13,4,6,4.07,3.4,Unfurnished,1,0,3310,7,11,10,0,62.89,36,2.21,61.5,1
NH-00853,Pune,2,2,870,23,7,12,0.21,6.1,Semi-Furnished,0,0,3800,4,14,7.7,1,57.31,50,9.06,52.12,0
NH-00879,Pune,2,2,1086,21,9,12,1.75,6,Semi-Furnished,2,0,5630,15,11,8,0,66.24,43,7.51,61.27,1
NH-00033,Pune,2,2,1043,8,11,14,0.32,2.9,Fully-Furnished,1,0,4240,6,17,5,0,69.96,51,4.72,66.66,0
NH-00865,Bengaluru,1,2,1014,23,13,29,0.2,7.4,Semi-Furnished,1,0,3960,9,13,7.5,0,89.26,15,3.18,86.42,1
NH-00157,Pune,1,2,946,38,14,15,1.33,5.1,Fully-Furnished,1,0,2850,11,24,6.4,0,52.37,51,2.55,51.03,0
NH-00522,Hyderabad,2,3,1260,22,5,17,6.46,5.1,Fully-Furnished,2,0,5340,6,16,5.3,0,61.8,36,4.11,59.26,1
NH-00335,Hyderabad,1,1,618,7,25,34,3.94,5.1,Semi-Furnished,2,1,2650,13,10,8,0,50.79,26,4.15,48.68,1
NH-00491,Pune,2,3,1640,23,17,17,0.95,4.1,Semi-Furnished,1,0,5700,11,19,6.4,0,83.41,13,2.93,80.97,1
NH-00855,Bengaluru,2,3,1880,11,12,25,15,7.2,Unfurnished,0,0,9920,4,20,8,1,109.44,123,10.08,98.41,0
NH-00259,Bengaluru,2,3,1799,16,9,9,4.1,4,Unfurnished,1,0,5640,4,22,6.1,1,117,47,6.81,109.03,0
NH-00172,Pune,1,3,1637,11,3,9,0.46,9.6,Semi-Furnished,1,0,8130,7,13,6.1,0,146.94,66,3.62,141.62,0
NH-01359,Hyderabad,2,3,1387,16,16,19,0.69,3.3,Semi-Furnished,1,0,4810,6,15,6.8,0,76.73,105,4.79,73.05,0
NH-00594,Pune,2,2,1063,17,7,15,0.27,2.2,Fully-Furnished,0,0,3500,8,20,6.1,1,57.03,29,2.15,55.8,1
NH-00548,Bengaluru,2,3,1169,22,4,5,0.79,4.6,Fully-Furnished,2,0,4900,15,7,5.9,0,75.32,30,3.37,72.78,1
NH-00237,Bengaluru,2,4,1949,27,4,6,8.19,7.4,Semi-Furnished,1,0,8110,4,20,6.3,0,101.22,101,5.32,95.84,0
NH-00385,Hyderabad,3,2,1105,5,2,14,1.46,6.3,Unfurnished,2,0,5690,11,9,2.1,0,52.37,161,8.04,48.16,0
NH-00749,Hyderabad,3,3,1517,4,7,11,1.29,2.6,Fully-Furnished,1,0,4540,11,13,5.8,0,69.21,132,3.53,66.77,0
NH-00911,Hyderabad,2,2,941,8,1,8,2.61,6,Unfurnished,0,0,4790,10,13,3.2,0,48.82,53,3.89,46.92,0
NH-00024,Hyderabad,2,3,1498,9,17,25,0.88,3,Semi-Furnished,1,0,5440,6,10,2.9,0,84.7,68,3.33,81.88,0
NH-01144,Bengaluru,3,2,769,15,3,4,2.37,4.1,Unfurnished,2,0,2630,14,18,5.9,0,35.38,53,3.66,34.09,0
NH-00623,Bengaluru,2,1,710,23,7,13,7.65,6.4,Semi-Furnished,1,0,3320,6,16,5.6,0,42.32,80,6.4,39.61,0
NH-01195,Pune,1,3,1363,14,23,27,1.48,4.5,Unfurnished,0,0,5030,9,18,5,0,107.05,137,8.26,98.21,0
NH-00407,Bengaluru,1,2,995,22,4,21,5.81,4.4,Fully-Furnished,1,0,4950,17,19,5.4,0,84.69,48,9.23,76.87,0
NH-00546,Pune,3,2,1190,11,2,5,12.74,2.6,Fully-Furnished,1,0,4130,6,14,5.3,0,45.05,238,12.56,39.39,0
NH-00881,Pune,2,3,1354,28,4,10,2.38,8.9,Semi-Furnished,1,0,6930,12,5,4.7,1,71.8,48,4.05,68.89,0
NH-00478,Hyderabad,3,3,1509,5,1,14,5.47,5.9,Semi-Furnished,2,0,4260,4,10,6,0,64.33,39,2.89,62.47,1
NH-00013,Bengaluru,2,3,1852,26,13,15,1.99,8.2,Fully-Furnished,0,0,8270,8,13,5.6,1,116.27,30,2.12,113.81,1
NH-00940,Pune,2,3,1631,7,10,10,2.9,5.6,Unfurnished,1,0,8570,3,12,4.9,1,96.3,62,3.72,92.72,0
NH-00990,Bengaluru,2,2,980,5,1,5,2.73,8.2,Semi-Furnished,2,0,3780,6,13,2.6,0,77.33,48,2.52,75.38,0
NH-00682,Bengaluru,2,2,913,15,5,7,1.56,6.3,Unfurnished,1,0,4850,4,16,5.7,0,69.62,69,7.59,64.34,0
NH-00154,Bengaluru,2,1,578,10,7,15,0.46,5.5,Unfurnished,1,0,2720,12,23,7.7,0,44.92,115,8.7,41.01,0
NH-00123,Bengaluru,1,3,1469,31,4,9,3.7,0.1,Semi-Furnished,1,0,4970,10,19,5.1,0,90.75,26,3.08,87.95,1
NH-01024,Bengaluru,2,2,1113,12,12,21,3.55,6.9,Fully-Furnished,1,0,4300,6,16,6.8,1,79.2,25,2.07,77.56,1
NH-00965,Pune,1,4,2802,6,10,14,0.29,7.7,Unfurnished,2,0,12840,2,15,5,0,376.84,36,2.91,365.87,1
NH-00121,Pune,1,3,1563,11,11,26,0.2,1.8,Semi-Furnished,0,0,5490,4,20,6.7,1,121.36,15,3.02,117.69,1
NH-00066,Bengaluru,1,1,611,8,4,8,1.16,5.9,Unfurnished,1,0,2420,8,16,5,0,62.13,48,4.64,59.25,0
NH-00583,Hyderabad,1,2,909,26,1,12,0.98,6.2,Unfurnished,0,0,3710,6,23,5.2,1,55.83,22,2.57,54.4,1
NH-00601,Bengaluru,3,3,1424,3,4,10,8.58,5.6,Semi-Furnished,1,0,5190,3,14,5.2,1,71.18,224,9.97,64.08,0
NH-00464,Pune,2,2,889,13,2,5,2.05,4.8,Semi-Furnished,1,0,2940,13,11,7.9,0,49.14,72,3.34,47.5,0
NH-01095,Pune,3,3,1534,13,4,14,3.13,5.1,Unfurnished,0,0,4880,12,10,6.7,0,63.28,372,15.41,53.53,0
NH-00861,Hyderabad,3,3,1401,14,5,13,11.98,3.6,Unfurnished,0,0,5740,5,13,6.4,0,45.83,91,9.62,41.42,0
NH-00847,Hyderabad,2,3,1571,12,5,8,0.41,4.5,Unfurnished,1,1,6600,7,10,5.7,1,91.43,50,2.94,88.74,0
NH-01191,Pune,2,2,1165,14,7,14,6.09,5.8,Unfurnished,1,0,4040,17,13,5.6,1,62.32,56,2.68,60.65,0
NH-00753,Bengaluru,3,2,1137,17,1,13,5.71,7,Unfurnished,1,0,3550,4,14,5.2,0,52.92,140,6.98,49.23,0
NH-00520,Pune,1,2,937,16,14,17,5.63,9,Semi-Furnished,1,0,4370,8,19,6.3,0,70.91,10,0.24,70.74,1
NH-00927,Bengaluru,2,2,946,22,1,13,0.27,5.7,Semi-Furnished,1,0,3360,3,13,7.4,1,60.61,52,2.73,58.96,0
NH-00630,Bengaluru,3,3,1487,7,3,8,6.06,0.8,Semi-Furnished,1,0,5050,18,15,5.4,0,67.93,161,5.62,64.11,0
NH-01170,Bengaluru,3,1,627,5,8,13,4.14,6.6,Unfurnished,1,1,2340,4,12,7.4,0,35.38,41,2.58,34.47,1
NH-00826,Bengaluru,3,2,1029,20,3,14,4.5,7.3,Semi-Furnished,1,0,3730,10,13,5.3,1,48.18,87,4.66,45.93,0
NH-00587,Bengaluru,1,4,2274,2,2,16,3.22,5.8,Semi-Furnished,1,0,10650,8,21,7.2,0,239.13,69,4.56,228.23,0
NH-01229,Pune,3,2,1007,10,3,13,3.27,3.7,Semi-Furnished,0,0,3640,5,14,4.2,1,43.13,54,3.59,41.58,0
NH-00746,Bengaluru,2,3,1607,12,9,14,0.25,5.1,Fully-Furnished,1,0,8680,4,20,7,0,113.86,14,3.5,109.87,1
NH-01023,Pune,3,2,1117,23,7,7,4.36,3.6,Fully-Furnished,2,1,4380,4,12,7.7,0,53.41,138,11.58,47.23,0
NH-01140,Bengaluru,3,2,1123,17,12,13,0.94,4.4,Unfurnished,0,0,4090,4,9,5.6,1,53.14,35,1.57,52.31,1
NH-00899,Pune,3,2,1067,15,3,5,5.66,6.8,Semi-Furnished,1,0,4250,7,9,6.4,0,44.31,108,5.66,41.8,0
NH-00523,Bengaluru,3,2,1041,24,2,6,4.51,3,Semi-Furnished,1,0,5240,17,12,6.8,1,42.37,24,1.99,41.53,1
NH-00358,Hyderabad,1,4,2007,18,3,17,0.63,4.9,Unfurnished,1,0,8180,9,13,3.3,0,151.97,98,8.24,139.45,0
NH-00198,Bengaluru,1,3,1609,26,9,17,1.82,3.9,Fully-Furnished,1,0,6020,11,17,7.1,1,124.2,103,4.13,119.07,0
NH-01223,Bengaluru,3,3,1351,25,4,5,6.04,1.1,Fully-Furnished,0,0,4180,7,12,4.3,0,47.51,27,1.08,47,1
NH-00151,Bengaluru,1,4,2258,6,2,18,4.49,7.7,Unfurnished,1,0,10300,6,18,4.3,1,194.54,15,3.46,187.81,1
NH-00529,Pune,3,2,807,14,1,10,0.9,5.1,Unfurnished,1,0,3070,23,13,5.6,0,32.41,92,4.83,30.84,0
NH-00691,Pune,2,3,1279,33,17,21,1.19,5.9,Fully-Furnished,2,0,2830,3,23,5.2,1,69.27,32,2.1,67.82,1
NH-00181,Hyderabad,2,3,1398,9,21,22,4.18,8.3,Semi-Furnished,1,0,4970,15,11,3.9,0,84.42,34,3.08,81.82,1
NH-00292,Bengaluru,1,3,1587,16,13,31,5.3,5.3,Semi-Furnished,2,0,6340,6,22,5.7,1,132.87,70,4.52,126.86,0
NH-00781,Bengaluru,3,3,1618,12,7,7,7.59,3.9,Semi-Furnished,0,0,7420,3,12,5.3,0,79.82,313,18.2,65.29,0
NH-01336,Bengaluru,3,2,1144,12,8,8,1.57,8.3,Unfurnished,0,0,5400,1,15,5.4,0,68.39,77,9.05,62.2,0
NH-01004,Bengaluru,1,2,1149,7,11,22,2.54,4.7,Unfurnished,1,0,3090,5,20,6.9,1,103.68,37,0.93,102.72,1
NH-00175,Pune,2,4,2434,3,2,7,0.2,4,Fully-Furnished,1,1,9130,10,14,7.5,1,196.43,45,2.76,191.01,1
NH-01026,Pune,2,2,970,7,1,16,1.14,7.3,Semi-Furnished,0,1,4310,10,12,2.6,0,69.07,34,4.03,66.29,1
NH-00651,Bengaluru,3,4,2154,14,5,8,2.64,3.3,Fully-Furnished,1,0,7980,16,8,4,0,123.37,36,6.25,115.66,1
NH-00258,Bengaluru,3,2,924,18,1,12,0.2,4.4,Unfurnished,2,0,3190,5,16,4.7,1,47.05,30,4.54,44.91,1
NH-01101,Bengaluru,2,1,639,15,1,24,1.05,6.1,Unfurnished,1,0,3750,6,11,6.6,0,41.72,42,0.29,41.6,1
NH-01110,Bengaluru,3,3,1192,16,8,13,3.27,2,Semi-Furnished,1,0,4210,16,13,3.3,1,54.87,78,3.34,53.04,0
NH-00022,Hyderabad,1,2,1163,23,23,31,0.99,5.4,Semi-Furnished,1,0,5530,14,17,6,1,90.66,18,6.85,84.45,1
NH-01365,Hyderabad,3,2,941,16,1,4,2.39,5.8,Fully-Furnished,2,0,4120,6,10,5.3,0,38.32,49,1.44,37.77,0
NH-01249,Hyderabad,2,4,2060,15,1,16,2.45,4.2,Unfurnished,2,0,10030,7,15,5.1,0,121.18,121,10.21,108.81,0
NH-01126,Hyderabad,2,3,1364,4,19,23,1.06,5.5,Fully-Furnished,2,0,5590,14,11,6.2,1,98.52,31,5.91,92.7,1
NH-00740,Hyderabad,2,2,899,28,1,22,0.2,3.7,Unfurnished,1,0,2750,9,24,10,0,43.19,27,3.96,41.48,1
NH-00482,Hyderabad,2,2,1018,11,15,24,0.67,3.5,Fully-Furnished,1,0,4190,8,18,6.4,0,59.5,50,2.84,57.81,0
NH-00475,Pune,3,1,590,7,6,10,2.5,1,Unfurnished,1,0,2090,3,9,5.6,1,24.15,57,5.5,22.82,0
NH-01344,Bengaluru,3,2,1278,19,14,14,1.98,4.3,Unfurnished,1,0,5960,4,13,4.8,1,60.54,62,2.9,58.78,0
NH-00119,Bengaluru,2,3,1334,6,8,24,3.05,6.2,Semi-Furnished,0,1,5440,4,18,6.6,0,104.37,60,4.74,99.42,0
NH-00179,Hyderabad,3,1,645,34,11,11,11.92,1.7,Unfurnished,1,0,2350,21,10,7,0,14.36,158,8.63,13.12,0
NH-01121,Hyderabad,2,3,1380,8,10,13,0.54,5.8,Unfurnished,1,1,6510,5,8,2.1,1,85.57,25,2.17,83.71,1
NH-00338,Pune,1,2,1020,12,28,31,5.85,,Fully-Furnished,0,0,3910,9,13,5.4,1,81.11,22,3.7,78.11,1
NH-00975,Hyderabad,1,2,1088,17,30,31,1.05,7.3,Unfurnished,1,0,5070,17,12,6.6,0,84.7,47,4.97,80.49,0
NH-00610,Bengaluru,3,4,2065,18,9,14,1.92,3.8,Semi-Furnished,1,0,6680,12,12,5.6,0,121.35,112,9.81,109.45,0
NH-00298,Pune,2,2,1180,5,11,19,1.94,4.3,Semi-Furnished,1,0,4170,13,16,6.1,0,78.66,52,3.42,75.97,0
NH-01122,Bengaluru,2,3,1312,24,9,14,1.79,5.6,Fully-Furnished,1,0,4420,11,20,5,0,92.24,78,6.75,86.01,0
NH-00766,Pune,2,1,509,38,12,15,0.45,3.1,Semi-Furnished,1,0,1590,9,15,7.1,0,23.82,40,3.12,23.08,1
NH-00675,Hyderabad,2,1,646,11,5,5,2.95,5.3,Semi-Furnished,1,1,3010,8,10,7.4,0,36.33,91,4.75,34.6,0
NH-00762,Bengaluru,3,3,1913,24,1,5,0.25,3.2,Fully-Furnished,0,0,6530,6,3,8.3,1,96.44,49,5.4,91.23,0
NH-01312,Pune,2,3,1668,18,9,15,3.8,6.3,Unfurnished,0,0,5870,10,9,1.6,1,86.39,44,3.08,83.73,1
NH-00110,Pune,2,4,2241,26,7,17,3.42,2.7,Unfurnished,0,0,6020,15,14,6.2,0,118.6,205,11.18,105.34,0
NH-00414,Pune,3,1,568,14,6,11,12.31,4.9,Fully-Furnished,1,1,1950,7,17,7.8,1,21.97,22,3.07,21.3,1
NH-00668,Bengaluru,1,3,1599,2,3,25,0.25,4.7,Unfurnished,1,0,4460,12,23,8.5,1,156.38,28,2.91,151.83,1
NH-01183,Hyderabad,2,1,578,25,7,15,0.96,3.9,Semi-Furnished,1,0,2540,10,12,7.6,1,25.95,34,1.54,25.55,1
NH-01301,Bengaluru,2,2,920,6,18,18,2.25,8.5,Unfurnished,1,0,4140,23,25,5.9,0,75.23,23,4.92,71.53,1
NH-00543,Bengaluru,2,3,1451,15,3,23,1.29,2.9,Semi-Furnished,2,0,5470,12,11,7.8,1,95.14,18,0,95.14,1
NH-00720,Hyderabad,3,3,1574,13,2,7,11.38,4,Unfurnished,1,0,6010,3,15,8,1,49.41,70,4.19,47.34,0
NH-01123,Hyderabad,2,3,1538,10,5,9,4.93,2.5,Semi-Furnished,2,0,5260,4,9,6.9,0,78.57,89,5.07,74.59,0
NH-00306,Pune,2,1,610,7,15,23,5.31,,Unfurnished,2,0,1920,6,16,5,1,36.44,48,3.19,35.28,0
NH-00650,Bengaluru,2,3,1557,15,4,9,7.08,3.2,Fully-Furnished,1,1,6870,15,12,4.5,0,97.93,66,2.54,95.44,0
NH-00941,Pune,1,3,1699,36,14,23,8.27,2.4,Semi-Furnished,1,0,6350,2,20,8.2,1,99.14,108,9.2,90.02,0
NH-00713,Pune,1,3,1292,14,4,17,0.88,5.9,Unfurnished,2,0,4320,7,16,7.5,0,110.4,52,5.07,104.8,0
NH-00883,Pune,3,3,1448,16,9,14,3.37,6,Fully-Furnished,1,0,6620,10,11,3.8,0,66.87,74,3.99,64.2,0
NH-01240,Bengaluru,2,2,921,21,6,9,2.29,6.4,Unfurnished,1,1,4230,4,9,8.1,1,54.22,56,3.68,52.22,0
NH-00021,Hyderabad,3,3,1512,19,13,13,0.28,6.2,Unfurnished,1,1,8980,7,17,6.9,0,67.41,112,7.91,62.08,0
NH-00889,Hyderabad,2,2,1107,20,4,6,9.4,3,Unfurnished,1,0,3660,10,16,7,0,41.22,54,4.71,39.28,0
NH-01138,Hyderabad,3,1,577,38,3,5,4.05,1.4,Unfurnished,2,1,2350,10,12,8.2,0,21.27,169,16.11,17.84,0
NH-01390,Bengaluru,2,2,1074,25,16,25,0.28,7.4,Semi-Furnished,1,0,4100,14,17,2.3,0,76.81,36,5.59,72.52,1
NH-00733,Bengaluru,2,1,655,8,5,7,0.46,2.8,Semi-Furnished,1,1,2470,3,11,6.8,1,48.88,96,3.71,47.07,0
NH-00102,Pune,3,2,1126,11,10,11,6.25,8.6,Fully-Furnished,1,0,6110,9,10,7.2,1,57.65,51,8.97,52.48,0
NH-01355,Bengaluru,3,2,915,5,13,13,7.34,3.4,Semi-Furnished,1,0,2960,7,13,6,0,47.7,184,7.99,43.89,0
NH-00773,Hyderabad,2,3,1414,12,6,14,1.33,2.7,Unfurnished,0,0,5530,18,13,5.2,1,76.03,75,5.46,71.88,0
NH-00140,Bengaluru,3,3,1617,38,6,7,0.57,1.5,Fully-Furnished,2,0,5530,15,9,5.2,0,66.25,202,8.07,60.9,0
NH-01096,Bengaluru,3,2,1121,10,7,8,0.27,4.3,Unfurnished,2,0,4030,14,7,4.5,1,62.48,40,2.74,60.77,1
NH-00224,Hyderabad,3,3,1653,17,3,7,2.77,3.8,Unfurnished,2,0,7540,11,14,7.3,0,64.37,154,6.85,59.96,0
NH-00076,Pune,2,2,1125,17,3,8,5.71,2,Unfurnished,2,0,2940,10,12,6.3,1,58.93,47,6.14,55.31,0
NH-00858,Bengaluru,1,3,1287,3,26,33,5.51,6.9,Semi-Furnished,1,0,5870,7,12,6.3,0,129.31,105,4.43,123.58,0
NH-00553,Hyderabad,1,2,1148,2,16,29,2.1,10,Unfurnished,2,0,4820,3,17,3.1,0,102.66,52,1.86,100.75,0
NH-00394,Bengaluru,2,3,1338,6,3,7,3.2,4.6,Unfurnished,1,1,3330,10,25,5,0,99.52,58,4.21,95.33,0
NH-00461,Hyderabad,2,3,1755,16,10,19,0.35,2.2,Fully-Furnished,2,0,5430,10,15,4.7,0,101.23,136,6.42,94.73,0
NH-00801,Hyderabad,3,2,880,10,8,14,4.4,3.6,Semi-Furnished,1,0,2280,5,21,6,0,36.19,24,1.96,35.48,1
NH-00747,Bengaluru,1,2,1121,27,24,24,1.91,4,Unfurnished,2,1,5190,11,23,5.4,0,92.75,55,5.1,88.02,0
NH-01381,Bengaluru,3,2,1084,17,9,13,1.74,0,Unfurnished,1,0,2800,11,6,3.9,0,50.86,63,4.49,48.58,0
NH-00991,Hyderabad,3,1,669,32,10,12,5.55,6.2,Fully-Furnished,2,1,3540,5,18,4,0,19.43,59,2.14,19.01,0
NH-00206,Bengaluru,1,2,917,7,14,18,1.32,7,Fully-Furnished,0,0,3530,7,10,4.4,0,93.44,46,2.33,91.26,0
NH-00644,Pune,2,1,630,17,9,15,6.89,6.8,Fully-Furnished,1,0,3070,8,14,7.4,1,32.86,31,3.53,31.7,1
NH-01139,Pune,1,2,933,19,2,14,1.62,0.7,Fully-Furnished,1,0,2740,3,28,9.1,0,64.49,55,2.79,62.69,0
NH-00589,Bengaluru,3,2,972,26,4,9,3.27,2.6,Unfurnished,1,0,3160,19,18,7.3,0,36.26,92,3.99,34.81,0
NH-00038,Bengaluru,2,3,1449,6,1,8,0.2,5.2,Semi-Furnished,1,0,6280,9,11,6.1,0,118.68,40,3.23,114.85,1
NH-00848,Pune,3,3,1350,19,2,8,1.25,5.7,Unfurnished,1,1,3570,9,15,6.4,1,58.37,36,4.44,55.78,1
NH-01371,Bengaluru,2,1,654,11,10,11,0.58,6,Semi-Furnished,1,1,2060,10,18,8.4,0,51.56,40,4.81,49.08,1
NH-00361,Hyderabad,3,3,1194,26,4,10,1.24,3,Unfurnished,1,0,4940,6,13,3,1,44.21,113,7.87,40.73,0
NH-00527,Pune,2,2,1132,38,14,15,9.21,3.6,Fully-Furnished,2,0,4860,4,14,6.3,0,56.52,202,15.9,47.53,0
NH-00832,Bengaluru,3,2,1046,18,8,9,1,0.8,Unfurnished,1,0,4130,2,10,6,0,48.47,58,3.93,46.57,0
NH-00574,Bengaluru,2,3,1605,13,7,8,3.62,1.3,Unfurnished,2,0,4560,17,12,5.9,0,90.04,31,3.64,86.76,1
NH-01003,Bengaluru,1,2,1098,8,23,25,1.73,7.6,Fully-Furnished,1,0,4410,1,13,4,0,98.17,54,0,98.17,0
NH-01391,Pune,3,2,1056,21,3,11,15,3.6,Fully-Furnished,1,0,3380,9,14,4.9,0,32.52,107,5.5,30.73,0
NH-01124,Pune,2,3,1482,17,1,19,9.47,5.7,Unfurnished,1,0,6290,4,14,6.8,0,65.87,124,3.43,63.61,0
NH-00709,Bengaluru,3,3,1473,10,3,11,7.59,5,Semi-Furnished,1,0,4000,6,15,2.2,0,68.21,38,3.87,65.57,1
NH-00596,Pune,2,2,925,17,7,8,2.59,9,Semi-Furnished,2,0,3360,11,13,5.3,0,56.05,26,2.57,54.61,1
NH-00125,Hyderabad,2,4,2258,10,4,10,0.35,8,Unfurnished,1,0,9520,4,15,1.4,0,174.05,97,13.27,150.95,0
NH-00624,Bengaluru,2,2,928,11,4,10,1.82,5.8,Fully-Furnished,2,0,4780,11,14,3.8,0,69.55,30,4.05,66.73,1
NH-00724,Hyderabad,3,2,964,34,1,12,0.35,3.2,Semi-Furnished,1,0,2530,2,12,7.4,0,33.46,167,8.9,30.48,0
NH-01216,Hyderabad,3,2,1058,10,3,10,0.9,3.7,Unfurnished,1,0,4350,11,6,5.9,0,47.5,60,4.25,45.48,0
NH-01043,Pune,1,4,2010,8,7,8,0.2,6.9,Unfurnished,1,0,8420,5,15,7,1,181.99,47,0,181.99,0
NH-01069,Bengaluru,1,2,923,15,18,19,1.61,8.7,Unfurnished,1,0,2170,7,17,8,0,89.21,9,0.85,88.45,1
NH-00396,Bengaluru,2,3,1609,9,2,5,0.56,6.7,Unfurnished,1,0,3970,13,11,5.3,0,115.47,43,2.03,113.13,1
NH-00840,Bengaluru,3,3,1427,38,5,7,10.64,2.9,Unfurnished,1,0,4080,1,18,7.4,1,46.02,42,5.17,43.64,1
NH-01152,Pune,3,3,1284,4,2,12,7.28,3.9,Semi-Furnished,1,1,6040,9,8,5.7,0,55.32,57,3.89,53.17,0
NH-00185,Pune,1,1,518,14,4,24,2.72,7.2,Unfurnished,1,0,2320,13,20,4.2,0,40.97,15,3.18,39.67,1
NH-01194,Pune,2,4,2096,7,2,18,0.33,4.3,Unfurnished,1,0,7680,12,7,5.8,1,132.3,38,2.94,128.41,1
NH-00056,Bengaluru,2,4,2208,15,12,24,1.54,4.4,Unfurnished,2,0,10520,10,11,6.5,0,172.61,104,8.98,157.11,0
NH-01119,Pune,3,3,1434,6,5,8,0.43,9.5,Unfurnished,2,0,7620,9,11,6.1,0,75.51,48,4.47,72.13,0
NH-01206,Bengaluru,3,3,1645,18,3,5,12.17,2.2,Unfurnished,0,1,5750,22,9,4.3,1,60.71,47,4.48,57.99,0
NH-00798,Pune,2,2,1057,5,3,6,3.44,7.1,Unfurnished,0,0,4170,9,15,6.7,0,60.85,35,2.42,59.38,1
NH-01302,Pune,2,2,854,9,6,9,0.2,7.9,Fully-Furnished,2,0,4540,6,15,6.1,1,63.68,26,3.26,61.6,1
NH-00166,Hyderabad,2,2,943,19,1,12,4.48,8.8,Semi-Furnished,1,0,4280,3,14,7.6,1,50.87,35,6.08,47.78,1
NH-01217,Pune,2,2,1015,12,10,14,6.96,2.5,Unfurnished,1,0,3640,5,11,5.1,0,47.98,52,0.98,47.51,0
NH-00765,Hyderabad,3,4,2358,7,1,12,15,3.1,Semi-Furnished,0,0,10260,10,5,5.5,0,80.65,145,6.21,75.64,0
NH-00780,Hyderabad,3,3,1382,29,6,7,7.68,4.8,Fully-Furnished,2,1,4290,5,10,5,0,41.89,154,8.11,38.49,0
NH-00116,Hyderabad,1,3,1091,18,17,31,5.19,3.4,Semi-Furnished,2,0,4320,8,18,6.7,0,71.57,52,3.08,69.37,0
NH-00683,Bengaluru,2,4,2247,19,5,10,4.38,2.9,Unfurnished,1,1,10360,3,16,8,0,161.06,65,8.97,146.61,0
NH-00311,Pune,2,2,996,19,8,18,7.17,4.1,Unfurnished,1,0,3620,20,12,3.6,0,49.87,41,2.62,48.56,1
NH-01321,Bengaluru,2,2,973,5,2,21,5.1,8.1,Unfurnished,1,0,5330,14,12,4.9,0,74.89,103,8.19,68.76,0
NH-00476,Hyderabad,3,2,1015,22,4,4,0.79,3.9,Fully-Furnished,2,1,4070,10,8,5,0,34.22,36,1.71,33.63,1
NH-00421,Pune,3,3,1720,19,2,4,0.2,1.3,Unfurnished,1,0,6570,7,9,5.6,0,61.77,68,1.8,60.66,0
NH-00199,Bengaluru,1,2,1122,1,19,20,0.6,6.6,Fully-Furnished,1,0,5670,4,14,6.8,1,130.56,21,1.53,128.56,1
NH-00555,Hyderabad,3,2,1085,6,9,11,1.74,2.7,Semi-Furnished,1,0,5000,14,10,4.8,1,46.66,27,1.53,45.95,1
NH-01108,Hyderabad,2,2,850,17,7,8,1.71,2.3,Unfurnished,2,0,2610,4,20,8.3,1,47.17,32,2.9,45.8,1
NH-01236,Bengaluru,1,2,827,11,9,13,0.48,4.3,Fully-Furnished,1,0,2220,8,19,7,1,84.54,26,4.05,81.12,1
NH-00219,Pune,1,3,1594,13,5,35,2,5.1,Unfurnished,0,0,7420,4,12,6.2,1,117.39,95,6.34,109.95,0
NH-00212,Bengaluru,2,2,810,14,4,6,4.27,3.8,Semi-Furnished,2,0,3260,10,14,6.5,0,54.58,25,3.47,52.69,1
NH-00635,Hyderabad,3,3,1640,12,5,5,2.94,5.9,Unfurnished,2,0,6150,22,11,7.3,1,70.29,106,5.86,66.17,0
NH-00643,Hyderabad,2,3,1402,16,1,18,1.96,8.3,Semi-Furnished,1,0,7300,16,14,5.8,0,77.17,40,0.92,76.46,1
NH-00907,Pune,3,2,1222,38,4,5,0.39,2.4,Unfurnished,2,0,4410,16,7,4.4,0,40.34,113,5.9,37.96,0
NH-01244,Pune,1,3,1468,10,3,26,2.9,5.9,Semi-Furnished,2,0,5200,9,20,5.6,1,107.41,13,0.49,106.88,1
NH-00712,Pune,2,3,1581,17,4,5,10.26,2,Unfurnished,1,0,6360,5,10,5.5,0,69.56,106,6.53,65.02,0
NH-00055,Bengaluru,3,3,1587,10,3,12,1.39,2.5,Fully-Furnished,1,0,6490,2,10,7.7,0,97.94,161,11.5,86.68,0
NH-00532,Pune,2,3,1507,24,8,15,5.86,5.7,Fully-Furnished,1,0,5710,6,18,6,0,84.14,33,2.16,82.32,1
NH-01073,Pune,2,1,609,15,8,19,4.66,6,Fully-Furnished,2,0,2390,12,14,5.7,1,36.53,20,2.72,35.54,1
NH-00649,Bengaluru,3,3,1474,11,7,7,4.07,5.3,Semi-Furnished,1,0,6380,5,8,6.5,0,64.89,56,3.78,62.44,0
NH-01379,Bengaluru,3,2,1044,13,4,7,3.12,7,Unfurnished,1,0,4470,2,13,7.6,0,54.37,46,2.98,52.75,0
NH-00014,Hyderabad,2,1,672,5,7,24,2.1,5.5,Semi-Furnished,1,0,3020,10,22,5,0,44.08,106,5.32,41.73,0
NH-00571,Hyderabad,3,2,858,12,8,14,10.22,2.2,Unfurnished,2,0,3080,10,9,8.1,0,29.6,266,12.39,25.93,0
NH-00688,Pune,2,4,2180,23,5,15,0.2,3.2,Semi-Furnished,1,1,6150,6,14,5.7,0,151.08,104,11.75,133.33,0
NH-01148,Pune,1,1,638,12,1,9,0.77,5.6,Semi-Furnished,1,0,3660,7,11,5.5,1,51.04,13,0,51.04,1
NH-00330,Bengaluru,1,3,1908,9,2,13,0.42,5,Semi-Furnished,0,0,6890,6,20,7.5,0,194.46,27,4.3,186.1,1
NH-00892,Bengaluru,3,3,1198,18,13,13,2.89,1.8,Semi-Furnished,2,0,4080,18,11,8.7,0,58.93,59,5.47,55.71,0
NH-00493,Pune,3,4,2173,12,4,4,1.48,2,Unfurnished,1,0,6590,7,13,5.6,1,100.7,27,4.3,96.37,1
NH-00719,Bengaluru,2,3,1420,9,5,7,2.08,4.2,Fully-Furnished,2,0,6180,5,16,8,0,106.72,40,2.91,103.61,1
NH-01136,Pune,2,2,989,11,7,9,3.62,2.7,Fully-Furnished,1,0,3380,8,13,5.9,0,60.43,138,9.15,54.9,0
NH-00910,Hyderabad,1,2,993,6,10,30,2.67,2.2,Semi-Furnished,1,0,3330,4,25,4.8,1,81.08,67,7.82,74.74,0
NH-00226,Bengaluru,2,2,855,12,13,23,3.06,5.3,Fully-Furnished,2,0,4120,6,13,5.1,0,64.54,31,1.06,63.86,1
NH-01085,Bengaluru,3,2,1060,12,2,12,10.59,2.2,Fully-Furnished,1,1,3420,16,11,8.3,0,47.34,89,4.79,45.07,0
NH-00148,Pune,1,1,633,33,11,33,0.2,4,Semi-Furnished,0,0,2640,7,15,4.2,0,37.16,23,1.14,36.74,1
NH-00792,Bengaluru,3,2,1054,14,7,11,5.27,6.5,Unfurnished,1,0,3790,5,10,9.2,0,52.56,61,3.08,50.94,0
NH-00255,Hyderabad,2,4,2060,20,13,14,0.43,7.8,Semi-Furnished,1,0,7520,18,14,3.7,0,123.72,78,5.2,117.29,0
NH-00866,Bengaluru,1,3,1732,21,31,32,1.58,3.4,Unfurnished,1,0,6020,9,21,6.5,0,133.49,86,4.59,127.36,0
NH-00107,Bengaluru,2,3,1663,23,12,20,0.92,9,Unfurnished,2,0,5530,4,10,7,1,124.05,41,5.1,117.72,1
NH-00566,Bengaluru,3,4,2525,26,2,9,1.51,3.9,Semi-Furnished,1,1,7940,24,13,5.1,0,140.21,109,3.8,134.88,0
NH-00393,Pune,1,1,702,25,17,29,4.9,4.9,Semi-Furnished,1,0,3710,10,18,7.4,0,48.4,20,3.56,46.68,1
NH-01089,Bengaluru,2,4,2386,5,5,18,2.03,5.9,Semi-Furnished,1,1,7960,6,14,3.3,1,206.18,79,3.67,198.61,0
NH-01235,Hyderabad,3,1,544,13,3,10,1.99,5.3,Semi-Furnished,0,0,1970,3,14,6.8,0,22.72,75,5.55,21.46,0
NH-00231,Bengaluru,3,2,994,8,1,12,1.09,5,Fully-Furnished,1,1,4500,8,12,5.3,0,58,32,1.58,57.08,1
NH-00717,Pune,3,2,1039,15,4,11,1.99,4.6,Semi-Furnished,1,0,3980,7,13,6.3,1,42.24,24,0,42.24,1
NH-00147,Bengaluru,3,2,1107,7,2,11,0.2,4.1,Semi-Furnished,1,0,4940,16,14,3,0,54.96,31,1.64,54.06,1
NH-01349,Bengaluru,2,1,566,17,10,21,2.14,2.2,Fully-Furnished,2,0,2050,11,9,6.1,0,38.16,23,0,38.16,1
NH-00168,Bengaluru,1,2,781,5,8,12,0.2,5.3,Unfurnished,1,0,3270,7,17,5.7,0,86.3,85,8.92,78.6,0
NH-01387,Hyderabad,2,1,722,10,3,6,4.57,6.5,Unfurnished,2,1,3130,12,9,5.8,0,38.81,12,0,38.81,1
NH-00957,Hyderabad,2,2,963,7,1,25,0.84,6.3,Fully-Furnished,1,0,4820,3,14,6.2,1,56.57,54,4.6,53.97,0
NH-00053,Bengaluru,3,3,1503,25,5,14,1.03,4.3,Unfurnished,1,0,4750,9,11,6,0,69.45,172,7.78,64.05,0
NH-00599,Pune,3,2,1073,18,5,11,2.92,2.5,Unfurnished,1,0,3670,13,13,5,0,41.4,108,5.77,39.01,0
NH-00732,Bengaluru,2,3,1447,15,12,15,0.45,9,Unfurnished,1,0,7160,4,8,8.7,0,111.18,62,5.58,104.98,0
NH-00809,Pune,2,2,753,18,2,6,7.96,,Unfurnished,1,0,3040,3,18,7.5,0,37.44,54,4.06,35.92,0
NH-01239,Pune,2,2,946,21,19,20,6.74,6.7,Semi-Furnished,1,0,2870,3,15,6.3,0,36.91,71,3.08,35.77,0
NH-01388,Bengaluru,1,4,2234,5,22,26,1,10,Fully-Furnished,1,0,11420,2,12,4.2,1,323.5,40,2.95,313.96,1
NH-00557,Bengaluru,2,1,736,27,4,18,0.26,6.9,Semi-Furnished,2,0,3680,25,13,6.7,1,42.14,22,0.84,41.79,1
NH-00687,Bengaluru,3,1,637,5,2,13,1.62,4.8,Unfurnished,1,1,3140,14,9,7.4,0,34.43,49,2.36,33.62,0
NH-00302,Bengaluru,2,2,967,4,5,6,4.83,4.5,Unfurnished,2,0,4100,5,11,7.4,0,69.18,43,3.99,66.42,1
NH-00400,Bengaluru,1,4,2151,10,13,13,0.57,7.8,Semi-Furnished,2,0,8450,11,17,5.9,0,229.22,40,0.55,227.96,1
NH-00664,Bengaluru,2,2,974,22,1,17,7.66,3.9,Semi-Furnished,2,0,4040,10,21,6.7,0,53.97,51,1.5,53.16,0
NH-01075,Bengaluru,1,4,2071,4,12,16,0.2,6.2,Semi-Furnished,2,0,11880,4,17,6,0,276.91,81,6.89,257.83,0
NH-00652,Pune,1,2,1124,21,21,24,0.2,5.3,Unfurnished,0,0,4470,7,16,8.7,0,100.74,62,11.21,89.45,0
NH-00163,Pune,1,2,657,5,6,17,2.85,4.5,Unfurnished,2,0,2600,9,22,8.9,0,55.34,29,1.1,54.73,1
NH-00859,Bengaluru,3,1,632,38,3,12,2.2,4.4,Unfurnished,2,0,2760,5,11,5.9,1,26.29,52,6.67,24.54,0
NH-00469,Bengaluru,3,2,977,12,11,13,4.98,1,Semi-Furnished,2,0,3840,15,13,5.4,0,47.31,64,3.49,45.66,0
NH-01231,Hyderabad,2,1,617,13,6,23,2.76,,Semi-Furnished,0,0,2440,3,13,6.4,0,28.64,25,3.53,27.63,1
NH-00598,Pune,1,1,586,8,13,32,6.47,3.1,Fully-Furnished,1,0,2210,11,11,7,0,45.06,17,0.88,44.66,1
NH-01227,Hyderabad,2,2,1082,8,15,18,2.82,10,Unfurnished,1,1,5010,5,17,7.5,0,68.7,71,4.14,65.86,0
NH-00348,Hyderabad,3,3,1767,26,2,4,6.05,6.4,Unfurnished,2,0,6750,4,16,6.2,0,58.22,78,3.14,56.39,0
NH-00572,Bengaluru,1,3,1492,21,7,21,0.82,5.7,Semi-Furnished,0,0,5120,12,22,7.7,1,111.74,12,2.15,109.34,1
NH-00281,Hyderabad,3,3,1509,38,1,10,1.85,2.9,Unfurnished,1,0,4350,15,15,8.7,0,50.75,185,14.03,43.63,0
NH-01129,Bengaluru,2,3,1727,11,8,13,2.38,2.3,Semi-Furnished,1,0,5810,9,12,5.6,0,128.46,58,6.89,119.61,0
NH-01254,Bengaluru,1,2,877,8,2,11,0.53,8.9,Unfurnished,1,0,3370,11,17,6.2,1,86.42,13,0.06,86.37,1
NH-01002,Bengaluru,3,3,1604,14,7,12,15,3,Unfurnished,1,0,4190,5,8,7.6,0,57.57,80,5.5,54.4,0
NH-00716,Pune,3,4,1699,13,1,9,4.73,6.9,Semi-Furnished,0,1,6810,21,17,6.4,0,74.01,61,2.16,72.41,0
NH-00010,Hyderabad,1,3,1722,19,10,10,0.33,6.1,Unfurnished,0,0,7830,7,10,7.5,0,112.53,27,0,112.53,1
NH-00741,Hyderabad,3,1,599,14,2,6,6.8,3.6,Semi-Furnished,2,0,2330,2,11,4.6,0,23.14,159,9.15,21.02,0
NH-01040,Bengaluru,2,2,1186,5,4,23,2.08,7.5,Semi-Furnished,1,0,5410,12,14,9,0,95.93,29,3.86,92.23,1
NH-00775,Hyderabad,2,3,1253,30,3,7,3.05,3.3,Fully-Furnished,1,0,4680,13,14,4.9,1,60.6,16,8.63,55.37,1
NH-00271,Bengaluru,2,2,823,22,1,9,2.23,5.6,Unfurnished,1,0,2800,15,14,7,1,51.76,43,5.52,48.9,1
NH-01180,Hyderabad,3,1,651,36,6,8,10.72,4.5,Fully-Furnished,1,0,2830,23,14,4.7,0,16.38,77,0.93,16.23,0
NH-00495,Hyderabad,1,3,1705,16,1,8,0.96,6.6,Semi-Furnished,1,0,8760,10,14,7.5,1,123.28,116,4.8,117.36,0
NH-00676,Hyderabad,2,4,1673,25,6,24,3.23,3.9,Semi-Furnished,1,0,6810,7,13,8.5,0,69.27,99,2.59,67.48,0
NH-00871,Hyderabad,2,4,2209,30,5,13,5.47,6.6,Semi-Furnished,1,0,9800,9,15,6.5,1,97.28,81,3.54,93.84,0
NH-00286,Pune,3,3,1443,23,11,14,1.27,6.1,Unfurnished,1,0,5970,8,10,4.7,0,57.19,93,5.83,53.86,0
NH-00542,Hyderabad,3,4,2179,12,4,8,7.99,3.2,Fully-Furnished,1,1,6720,12,12,6.9,0,96.21,79,6.3,90.15,0
NH-01277,Hyderabad,1,1,736,6,32,32,2.14,7.6,Unfurnished,1,0,3460,6,17,5.3,0,56.73,15,2.46,55.33,1
NH-00742,Pune,1,2,908,17,10,16,4.68,3.4,Semi-Furnished,1,0,2060,3,11,4.3,0,59.99,159,6.08,56.34,0
NH-00445,Bengaluru,2,2,967,18,13,13,0.2,5.6,Fully-Furnished,1,1,4230,16,11,2.9,0,72.51,23,2.52,70.68,1
NH-01292,Pune,2,2,950,8,15,17,7.61,3.1,Fully-Furnished,0,1,2830,6,11,5.5,0,52.14,44,1.97,51.11,1
NH-00852,Bengaluru,2,3,1840,19,6,10,1.11,0.5,Unfurnished,0,0,6030,10,14,7.7,0,109.43,56,3.53,105.57,0
NH-00831,Bengaluru,3,2,1086,20,4,11,4.59,2.2,Unfurnished,2,0,4540,10,11,5.6,1,47.15,50,3.42,45.54,0
NH-00104,Hyderabad,3,3,1483,38,1,5,2.46,2.1,Unfurnished,2,1,4270,5,12,5.1,0,42.35,145,6.08,39.78,0
NH-01257,Bengaluru,2,3,1375,10,8,9,0.97,3.1,Fully-Furnished,2,0,5050,15,12,2,1,101.93,12,0.5,101.42,1
NH-00100,Bengaluru,3,2,950,11,4,6,1.36,6.7,Unfurnished,2,0,4160,14,15,8.6,0,54.04,31,3.44,52.18,1
NH-00893,Bengaluru,2,1,744,13,10,18,5.45,4.8,Unfurnished,2,0,3470,10,14,6.1,0,47.89,41,2.31,46.78,1
NH-00782,Bengaluru,2,1,763,8,6,16,0.73,5.3,Semi-Furnished,1,0,3660,8,14,4.9,1,58.07,50,5.56,54.84,0
NH-00804,Pune,1,2,1055,9,10,16,0.52,7.8,Unfurnished,2,1,5190,12,21,5.8,0,100.54,54,4.42,96.1,0
NH-00856,Pune,1,2,1055,2,2,29,0.24,9.1,Unfurnished,2,0,3980,4,11,5.5,0,99.97,30,3.02,96.95,1
NH-01145,Hyderabad,2,3,1231,7,6,14,0.2,6.4,Unfurnished,2,1,5300,9,17,6.5,0,81.5,48,3.7,78.48,0
NH-00496,Hyderabad,2,3,1688,10,20,24,0.65,3.2,Semi-Furnished,1,0,4050,11,5,7.7,0,88.72,42,1.18,87.67,1
NH-00433,Pune,1,3,1348,10,27,28,8.3,6.9,Unfurnished,1,0,6130,4,19,6.9,0,92.99,32,1.81,91.31,1
NH-00143,Bengaluru,3,2,1466,23,3,14,3.73,1.9,Unfurnished,1,1,5060,10,10,4.7,0,75.08,95,10.75,67.01,0
NH-00828,Pune,2,3,1338,12,9,10,7.69,0.4,Semi-Furnished,1,0,2610,25,17,6.2,0,65.81,214,8.47,60.24,0
NH-01092,Hyderabad,3,1,684,5,5,9,6.46,3,Unfurnished,1,1,2520,25,7,6.6,1,27.67,48,4.46,26.44,0
NH-00018,Bengaluru,1,3,1618,18,3,20,5.83,4.8,Unfurnished,0,0,7660,8,23,7.9,0,103.88,34,3.75,99.98,1
NH-00167,Bengaluru,3,3,1677,4,1,7,3.06,3.2,Unfurnished,1,0,5960,16,14,7.2,1,84.02,22,2.16,82.21,1
NH-00162,Hyderabad,2,2,1059,13,2,14,1.51,5,Semi-Furnished,2,0,3570,11,22,5.2,0,56.57,89,2.7,55.04,0
NH-00008,Hyderabad,3,2,1107,11,8,12,6.48,4,Unfurnished,1,0,4280,5,11,6.4,1,40.06,171,6.19,37.58,0
NH-00174,Pune,3,1,604,23,5,8,9.77,5.2,Fully-Furnished,0,0,1660,5,5,6.1,1,18.65,77,3.84,17.93,0
NH-00447,Bengaluru,1,3,1361,10,20,22,2.3,5.6,Semi-Furnished,2,1,4800,13,14,7.2,1,141,7,1.77,138.5,1
NH-01241,Pune,2,3,1698,38,14,16,0.2,6.6,Semi-Furnished,1,0,5460,7,13,6.9,0,89.54,36,6.57,83.66,1
NH-00867,Bengaluru,1,2,958,10,2,34,1.08,6.3,Fully-Furnished,1,0,4360,5,16,4.5,0,88.78,27,2.13,86.89,1
NH-00580,Hyderabad,1,1,733,14,3,17,1.25,4.4,Semi-Furnished,2,1,1930,17,16,5.9,0,54.5,23,0,54.5,1
NH-01325,Pune,3,2,1344,26,10,12,0.97,3.9,Unfurnished,2,1,5120,7,10,5.4,1,59.16,94,8.35,54.22,0
NH-00205,Hyderabad,3,3,1180,21,8,13,5.29,2.8,Unfurnished,1,1,3530,16,12,6.7,1,38.62,59,2.95,37.48,0
NH-00903,Bengaluru,1,2,1057,7,6,22,3.09,6.1,Semi-Furnished,1,0,4590,6,18,6.7,1,105.91,27,5.37,100.22,1
NH-00581,Bengaluru,2,2,1076,12,3,10,2.97,9.1,Semi-Furnished,1,0,5350,2,17,4,0,84.27,51,6.1,79.13,0
NH-01222,Pune,3,2,961,33,1,14,5.19,7.1,Unfurnished,1,0,4320,12,10,4.6,1,32.55,117,5.12,30.88,0
NH-00486,Pune,3,2,1038,26,3,8,2.05,0,Unfurnished,1,0,3020,13,19,7,0,35.86,121,6.27,33.61,0
NH-01001,Bengaluru,1,4,2457,17,2,10,0.76,6.6,Semi-Furnished,2,0,10670,4,26,3.7,0,319.83,116,9.01,291.01,0
NH-00645,Bengaluru,1,4,2122,24,15,28,2.08,5.5,Fully-Furnished,1,0,7930,10,19,8.5,0,150.59,29,1.21,148.77,1
NH-01335,Hyderabad,3,2,912,20,3,5,7.91,4.2,Unfurnished,0,0,2880,13,14,6.2,0,29.43,69,3.93,28.27,0
NH-01300,Bengaluru,1,3,1309,14,10,23,0.2,7.9,Fully-Furnished,1,1,6210,5,11,6.1,0,142.2,32,2.78,138.25,1
NH-00860,Bengaluru,2,2,904,3,8,22,1.21,3.6,Unfurnished,1,1,3840,7,10,3.9,0,64.4,49,4.25,61.66,0
NH-01378,Hyderabad,2,3,1696,11,7,14,3.99,6.9,Fully-Furnished,1,0,6260,7,14,6.1,0,100.28,49,3.69,96.58,0
NH-00004,Hyderabad,1,2,1091,18,13,19,1.15,,Semi-Furnished,1,0,5440,5,18,7.1,0,77.14,10,0.63,76.65,1
NH-01200,Hyderabad,2,3,1597,15,6,6,0.81,6.1,Fully-Furnished,1,1,6820,3,10,3.5,0,101.66,30,3.76,97.84,1
NH-00359,Hyderabad,3,1,625,16,2,10,10.05,1.5,Semi-Furnished,1,0,2330,8,16,4.9,0,18.24,70,3.93,17.52,0
NH-00429,Pune,2,3,1927,9,11,17,1.28,8.4,Fully-Furnished,1,1,8130,7,10,6.8,0,137.52,66,6.26,128.91,0
NH-00277,Bengaluru,3,1,630,12,7,12,7.69,6.2,Semi-Furnished,2,0,2230,9,11,2.9,1,32.24,40,5.76,30.38,1
NH-00267,Bengaluru,2,2,1006,21,1,10,0.35,4.1,Semi-Furnished,1,0,3570,18,16,7.1,0,61.93,35,1.5,61,1
NH-00750,Bengaluru,1,1,598,31,31,34,3.17,4.2,Unfurnished,1,0,2220,8,21,6,1,43.03,43,4.23,41.21,1
NH-01219,Pune,1,3,1300,21,1,10,1.9,3.5,Semi-Furnished,0,0,5610,2,21,6.4,0,90.92,54,3.05,88.15,0
NH-00031,Pune,1,3,1653,6,14,19,2.04,6.4,Unfurnished,2,1,5540,22,13,5.2,1,149.44,18,1.64,146.99,1
NH-00446,Bengaluru,2,3,1275,11,1,6,1.8,3.8,Unfurnished,2,0,4200,10,10,4.7,0,84.42,55,2.29,82.49,0
NH-00761,Bengaluru,1,3,1754,11,3,18,5.2,4.7,Semi-Furnished,2,0,6140,8,15,5.2,0,149.21,18,0,149.21,1
NH-00374,Pune,2,2,729,10,7,17,3,5.8,Unfurnished,1,1,2880,20,17,5.6,0,43.34,15,2.15,42.41,1
NH-00618,Bengaluru,2,1,587,15,2,22,5.93,5.5,Semi-Furnished,0,0,2480,7,16,7.2,0,34.14,53,4.86,32.48,0
NH-01396,Bengaluru,2,3,1147,6,2,17,1.64,1.7,Unfurnished,0,1,3440,8,12,8.1,1,80.77,16,3.32,78.09,1
NH-01160,Hyderabad,1,1,655,12,7,13,1,7.7,Fully-Furnished,0,0,2280,10,8,6.3,0,49.51,35,0.91,49.06,1
NH-00343,Pune,1,2,1028,14,6,25,0.85,3.7,Semi-Furnished,1,0,4000,4,18,5.6,1,89.22,30,5.99,83.88,1
NH-01268,Bengaluru,3,2,1024,38,10,12,6.5,0.2,Unfurnished,0,1,3070,6,9,8.4,1,32.81,124,6.25,30.76,0
NH-01234,Pune,1,4,1715,38,23,33,2.29,2,Unfurnished,2,0,6510,8,19,4.5,1,107.85,36,5.5,101.92,1
NH-00945,Bengaluru,2,2,1073,29,3,5,0.9,5,Unfurnished,1,0,5130,11,13,4.5,0,59.08,52,4.63,56.34,0
NH-00392,Hyderabad,2,1,698,12,14,18,0.27,2.3,Unfurnished,1,0,2680,15,14,9,0,34.97,72,3.26,33.83,0
NH-00229,Hyderabad,3,1,577,21,7,14,1.55,4,Unfurnished,2,0,2470,7,14,4.6,0,20.82,67,2.75,20.25,0
NH-01211,Bengaluru,1,3,1194,23,13,20,0.28,4.8,Semi-Furnished,1,0,5140,9,19,3.9,0,117.62,19,7.7,108.56,1
NH-00518,Pune,3,3,1784,14,2,4,9.39,1.4,Semi-Furnished,2,1,6180,14,9,4.6,0,69.28,154,8.35,63.5,0
NH-00480,Bengaluru,3,3,1345,18,4,4,5.51,6.2,Unfurnished,1,0,4990,7,8,3.6,0,60.42,31,4.65,57.61,1
NH-00800,Bengaluru,3,1,686,5,6,13,3.78,6.8,Semi-Furnished,2,0,2290,6,13,3.6,0,42.37,256,11.14,37.65,0
NH-00035,Bengaluru,1,3,1405,13,4,27,1.12,6.7,Fully-Furnished,1,0,7570,13,13,4.5,0,132.92,56,4.55,126.87,0
NH-00009,Pune,3,2,1016,22,5,5,4.12,3,Semi-Furnished,1,1,4430,8,17,5.6,0,43.86,51,5.08,41.63,0
NH-00232,Hyderabad,3,1,666,19,4,10,6.52,1.7,Unfurnished,1,0,1920,12,11,6.6,0,21.42,115,2.6,20.86,0
NH-00441,Bengaluru,3,2,953,6,9,10,12.21,,Semi-Furnished,2,0,4020,7,12,4.5,0,43.85,102,6.39,41.05,0
NH-00526,Bengaluru,2,4,2228,5,1,23,1.62,7.1,Semi-Furnished,1,1,9710,12,7,6.2,0,174.39,38,3.17,168.86,1
NH-00625,Pune,2,4,1675,16,18,25,0.83,10,Semi-Furnished,1,0,9180,8,14,6.4,1,115.28,19,2.88,111.96,1
NH-00095,Bengaluru,1,4,2365,19,4,9,0.44,8,Unfurnished,1,1,9270,6,18,6.1,0,285.66,41,5.93,268.72,1
NH-00544,Hyderabad,1,1,663,11,8,9,0.38,8.4,Semi-Furnished,2,0,3340,16,20,9,1,53.13,11,1.48,52.34,1
NH-01155,Pune,3,4,1925,13,1,4,1.84,5.1,Semi-Furnished,1,0,7680,22,12,7.8,1,86.3,16,2.94,83.76,1
NH-00971,Hyderabad,2,2,956,8,21,21,2.82,0.4,Fully-Furnished,1,0,2840,4,10,4.1,0,52.33,47,3.07,50.72,0
NH-01372,Pune,1,4,2159,20,25,35,15,4.6,Unfurnished,1,0,8260,15,15,9.2,0,133.01,108,5.61,125.55,0
NH-00210,Bengaluru,3,2,1104,28,9,12,7.81,3.2,Semi-Furnished,1,1,4870,5,4,5.4,1,44.95,251,12.23,39.45,0
NH-00282,Bengaluru,1,2,835,18,26,26,0.88,5.4,Unfurnished,2,0,2950,6,16,4.3,1,73,45,1.15,72.16,1
NH-00390,Hyderabad,2,2,918,5,5,21,10.81,4.8,Semi-Furnished,1,0,3200,5,18,8.2,0,40.55,32,1.33,40.01,1
NH-00949,Bengaluru,1,3,1418,9,7,23,0.94,8.5,Fully-Furnished,1,0,6260,5,16,7.2,0,145.9,65,1.92,143.1,0
NH-00252,Hyderabad,2,3,1459,13,16,16,1.97,4.2,Semi-Furnished,2,0,5760,10,20,5.9,0,80.27,34,1.97,78.69,1
NH-01230,Bengaluru,2,2,1011,3,8,12,4.52,6.9,Fully-Furnished,1,0,5060,10,12,8.6,1,81.12,15,3.88,77.97,1
NH-00891,Bengaluru,2,1,687,14,9,14,6.21,2.2,Semi-Furnished,2,0,2180,4,18,5.9,0,41.02,62,3.54,39.57,0
NH-01238,Pune,3,2,889,9,1,4,5.17,5.1,Unfurnished,2,0,4690,15,3,2.2,0,38.9,46,3.87,37.39,0
NH-00521,Bengaluru,3,3,1457,30,7,11,5.72,2.1,Semi-Furnished,1,0,5770,15,13,4.7,0,47.74,15,2.28,46.65,1
NH-01037,Hyderabad,3,3,1533,6,1,13,0.52,2.3,Unfurnished,1,0,5460,16,10,6.1,0,65.14,62,3.44,62.9,0
NH-01205,Pune,2,3,1524,12,2,5,1.6,6.5,Unfurnished,2,0,7310,7,9,5.6,0,99.48,71,6.9,92.62,0
NH-00669,Hyderabad,3,2,1328,20,5,11,4.41,6.2,Unfurnished,1,0,4380,19,13,7.6,0,45.95,72,3.45,44.36,0
NH-01258,Bengaluru,2,3,1793,22,3,14,1.25,7.5,Unfurnished,1,0,7430,4,20,7.7,1,108.42,50,2.96,105.21,0
NH-00877,Bengaluru,2,2,1110,26,10,10,1.41,8.7,Unfurnished,2,1,4620,16,11,4.4,0,70.94,38,3.07,68.76,1
NH-01184,Hyderabad,2,4,2187,13,11,18,4.02,5.5,Unfurnished,0,0,9060,4,24,6.3,0,129.5,123,9.03,117.81,0
NH-01233,Pune,1,4,2250,13,1,35,2.53,4.8,Unfurnished,2,1,9110,9,22,8.4,0,181.58,46,2.66,176.75,0
NH-01014,Bengaluru,3,3,1377,3,5,12,15,1.7,Unfurnished,1,0,4520,11,22,5.2,0,52.22,140,4.49,49.88,0
NH-01251,Bengaluru,1,1,606,12,14,33,1.03,4.5,Fully-Furnished,1,0,2910,14,18,4.6,0,64.37,21,4.99,61.16,1
NH-00754,Hyderabad,2,4,1967,7,11,19,1.95,5.7,Semi-Furnished,2,0,8570,15,20,5.6,1,119.67,39,2.13,117.12,1
NH-00214,Hyderabad,3,3,1546,18,13,14,1.6,3.8,Semi-Furnished,1,0,5960,2,12,4.7,0,58.56,71,3.94,56.25,0
NH-00958,Bengaluru,1,3,1186,11,6,23,0.39,6.1,Unfurnished,2,0,4070,17,16,5.2,0,119.75,20,4.93,113.85,1
NH-01204,Hyderabad,3,3,1514,11,12,14,4.67,3.9,Fully-Furnished,1,0,5700,8,20,6.7,0,55.95,25,0.81,55.5,1
NH-00568,Hyderabad,1,2,1209,6,6,35,2.09,6.4,Unfurnished,0,1,4640,6,11,6.8,0,89.32,39,1.47,88.01,1
NH-00069,Pune,2,2,980,6,2,11,7.45,8.1,Semi-Furnished,0,0,5130,12,17,6.9,1,59.58,15,4.3,57.02,1
NH-00086,Pune,1,3,1524,5,7,8,1.61,7.7,Unfurnished,1,0,7720,15,21,6.7,0,141.16,38,3.74,135.88,1
NH-00913,Bengaluru,3,2,1097,7,7,11,5.68,7.2,Fully-Furnished,2,0,4720,3,11,7,0,69.04,64,5.46,65.27,0
NH-00467,Hyderabad,2,2,981,20,4,9,3.22,6.8,Unfurnished,1,0,3370,9,14,5.3,0,46.87,30,1.47,46.18,1
NH-00880,Bengaluru,1,3,1570,25,18,34,1.46,6.2,Semi-Furnished,0,0,7730,10,21,4.7,0,119.44,21,1.82,117.27,1
NH-00430,Hyderabad,1,2,700,4,1,17,0.45,,Fully-Furnished,1,0,3270,9,16,7.2,1,60.11,7,1.32,59.32,1
NH-00418,Pune,2,3,1636,13,17,23,0.79,3.7,Fully-Furnished,2,1,5490,15,17,1.4,0,107.33,11,1.59,105.62,1
NH-00413,Bengaluru,2,4,2478,13,7,19,3.9,,Semi-Furnished,2,0,9100,5,13,6,1,150.19,55,2.43,146.54,0
NH-00197,Bengaluru,3,3,1505,22,6,12,9.69,3.9,Semi-Furnished,1,0,7210,11,12,6.6,0,59.6,109,5.82,56.13,0
NH-00285,Hyderabad,3,2,884,5,4,6,5.49,4.6,Semi-Furnished,2,1,4190,2,11,5.3,0,36.45,57,2.97,35.37,0
NH-00667,Bengaluru,3,2,922,24,1,5,11.6,4.3,Unfurnished,1,0,3220,6,10,10,0,34.34,200,9.21,31.18,0
NH-00685,Bengaluru,2,1,661,15,3,14,1.81,5.7,Fully-Furnished,2,1,2970,12,16,9,0,47.8,39,2.85,46.44,1
NH-00381,Bengaluru,2,3,1513,5,16,16,8.48,8.1,Unfurnished,1,0,7220,2,20,7.4,0,119.26,232,13.17,103.55,0
NH-01013,Bengaluru,3,1,777,27,5,6,2.87,2.6,Unfurnished,1,0,2820,16,6,5.2,0,31.46,49,4.3,30.11,0
NH-01225,Pune,3,3,1809,12,5,8,10.41,2.7,Semi-Furnished,2,0,7530,7,16,6.1,1,67.45,214,9.28,61.19,0
NH-00291,Bengaluru,2,2,1087,9,2,10,0.2,8.9,Unfurnished,1,1,4280,18,18,3.6,1,80.91,13,0.56,80.46,1
NH-00360,Bengaluru,2,3,1246,11,5,7,6.78,3.9,Unfurnished,1,1,4340,14,17,6.8,0,75.8,81,3.76,72.95,0
NH-00365,Pune,3,3,1899,31,4,13,0.66,0.7,Semi-Furnished,1,0,6680,13,14,4.7,0,62.27,204,7.92,57.34,0
NH-00525,Pune,3,2,1128,13,4,4,0.5,4.2,Fully-Furnished,2,0,4060,16,8,7.3,0,54.21,46,2.77,52.71,0
NH-00575,Bengaluru,1,1,615,8,33,35,2.93,6.1,Unfurnished,2,0,2240,8,15,7.9,0,60.81,28,3.74,58.54,1
NH-00694,Hyderabad,2,3,1455,4,3,15,1.6,2.2,Unfurnished,1,0,6240,4,15,7.5,0,83.5,117,6.97,77.68,0
NH-00705,Hyderabad,2,4,2866,6,18,21,5.1,4.8,Fully-Furnished,1,0,10980,2,14,5.7,0,198.74,95,4.8,189.2,0
NH-00113,Bengaluru,2,4,2093,14,11,11,4.87,3.1,Semi-Furnished,2,0,5320,2,17,7,0,127.39,77,4.23,122,0
NH-00415,Bengaluru,1,3,1510,26,22,27,9.16,7.2,Semi-Furnished,1,0,6160,8,14,8.2,0,111.01,89,3.13,107.54,0
NH-00590,Bengaluru,2,3,1518,23,9,13,0.61,3.4,Semi-Furnished,1,0,5020,7,9,4.2,1,114.84,90,14.33,98.38,0
NH-01332,Bengaluru,1,3,1403,8,17,20,1.42,5,Fully-Furnished,1,0,6500,11,8,7,1,129.79,10,0,129.79,1
NH-00487,Hyderabad,3,2,1027,28,4,11,0.7,0.2,Semi-Furnished,2,1,2920,8,16,5.6,0,36.89,86,4.23,35.33,0
NH-01077,Pune,1,1,601,14,5,19,3.53,1.4,Semi-Furnished,2,0,1790,4,12,4.1,1,41.87,70,4.76,39.88,0
NH-01053,Bengaluru,1,3,1403,20,4,15,0.9,5.1,Unfurnished,1,0,8530,1,21,3.5,1,118.75,49,4.64,113.24,0
NH-01090,Bengaluru,2,1,750,10,8,22,1.66,5.8,Fully-Furnished,1,0,2770,14,12,5,0,60.63,22,4.74,57.76,1
NH-00875,Hyderabad,3,4,2195,38,10,10,1.5,0.2,Semi-Furnished,2,0,6840,3,12,6.4,1,80.17,147,10.77,71.54,0
NH-00844,Bengaluru,3,3,1510,17,2,4,15,2.9,Fully-Furnished,1,0,5170,4,13,6.2,1,56.48,198,10,50.83,0
NH-00967,Bengaluru,2,2,949,21,5,13,4.26,6.2,Unfurnished,1,0,4590,4,11,4.5,0,65.66,129,12.06,57.74,0
NH-00595,Hyderabad,1,2,1202,7,25,33,2.85,3.8,Unfurnished,1,0,4230,6,19,6.7,0,101.43,67,8.25,93.06,0
NH-00928,Pune,3,1,591,16,9,11,5.16,4.5,Semi-Furnished,1,0,1900,11,16,9.4,0,22.41,61,2.99,21.74,0
NH-00309,Bengaluru,1,1,638,30,4,16,3.61,,Unfurnished,0,0,3020,1,17,6.5,0,51.6,34,8.68,47.12,1
NH-00059,Hyderabad,3,3,1453,38,13,14,4.49,5.7,Semi-Furnished,1,0,6120,7,16,3.6,0,40.43,98,3.11,39.17,0
NH-00160,Hyderabad,3,1,549,21,4,5,10.21,2.8,Unfurnished,1,0,2130,2,10,7.2,1,18.21,94,6.18,17.08,0
NH-01289,Hyderabad,3,2,952,14,4,12,0.21,0.2,Fully-Furnished,0,0,3510,12,7,7.5,1,35.56,56,3.68,34.25,0
NH-00187,Bengaluru,2,1,498,24,16,17,2.71,8.5,Fully-Furnished,1,0,2480,9,14,4,0,38.31,69,8.57,35.03,0
NH-00245,Bengaluru,2,2,990,6,10,24,3.76,2.8,Semi-Furnished,2,0,5360,13,15,6.5,1,73.48,36,4.63,70.08,1
NH-01338,Bengaluru,3,3,1613,13,1,5,10,4.9,Unfurnished,0,0,5970,7,11,5.9,0,70.46,81,7.24,65.36,0
NH-00158,Pune,2,2,862,35,3,17,3.64,5.8,Unfurnished,0,0,3020,9,15,7.2,0,37.48,71,3.62,36.12,0
NH-00127,Bengaluru,1,3,1667,26,10,12,4.03,6.7,Semi-Furnished,1,0,8700,3,16,7.5,1,142.86,35,4.53,136.39,1
NH-00323,Hyderabad,2,1,587,22,7,8,1.72,0.2,Unfurnished,1,0,1420,11,13,8.3,0,25.44,47,3.58,24.53,0
NH-01084,Bengaluru,2,2,801,6,2,17,0.68,7.3,Semi-Furnished,1,0,3770,4,17,4.7,0,67,47,5.45,63.35,0
NH-00805,Bengaluru,1,2,820,23,2,13,0.2,4.6,Semi-Furnished,2,0,3660,5,16,7.5,1,55.49,6,1.35,54.74,1
NH-00778,Pune,3,2,830,26,5,10,5.84,0.9,Unfurnished,1,0,2270,6,11,3.9,0,27.91,128,7.78,25.74,0
NH-01128,Pune,1,2,939,18,14,14,0.77,1.6,Unfurnished,2,0,3880,2,15,8,1,68.34,21,0.51,67.99,1
NH-01159,Bengaluru,3,3,1519,8,4,11,10.92,6.3,Semi-Furnished,1,0,5720,17,13,5.7,1,71.51,68,4.36,68.39,0
NH-01166,Bengaluru,2,1,470,22,8,22,2.22,3.8,Semi-Furnished,1,0,1990,9,13,3.9,0,28.33,87,5.8,26.69,0
NH-00846,Bengaluru,3,2,1178,20,2,7,3.95,4.6,Unfurnished,1,0,4340,12,13,5.5,0,52.65,46,3.81,50.64,0
NH-01398,Hyderabad,3,4,1691,22,2,7,2.44,1.5,Unfurnished,0,0,5830,22,9,5.9,0,53.45,127,4.97,50.79,0
NH-00274,Bengaluru,2,3,1460,8,4,7,4.78,5.4,Fully-Furnished,0,0,4620,11,15,7.6,0,98.48,57,2.2,96.31,0
NH-00876,Bengaluru,1,2,1000,13,3,13,0.78,3.8,Unfurnished,2,0,4230,14,18,5.8,0,86.22,56,2.53,84.04,0
NH-00183,Pune,3,2,923,19,4,10,6.49,6,Unfurnished,0,0,3730,9,13,7.5,0,31.8,101,7.06,29.55,0
NH-01175,Bengaluru,2,2,1064,11,5,14,0.53,2.8,Unfurnished,1,0,3300,5,12,4.3,0,74.61,62,7,69.39,0
NH-01076,Bengaluru,2,3,1663,17,7,13,3.03,6.9,Semi-Furnished,1,0,7850,24,16,8.1,1,109.57,41,2.16,107.2,1
NH-00463,Bengaluru,2,1,611,3,6,10,2.49,6.7,Unfurnished,2,0,2450,7,12,6.3,0,50.05,62,5.27,47.41,0
NH-00090,Pune,2,2,1036,16,5,7,15,1.1,Semi-Furnished,1,1,3400,3,18,4,0,45.75,87,3.82,44,0
NH-01282,Bengaluru,3,2,1065,16,4,8,1.13,8.1,Unfurnished,2,0,5040,3,13,4.8,1,57.4,51,3.98,55.12,0
NH-00051,Bengaluru,3,2,1078,14,2,9,2.65,3.4,Unfurnished,2,0,3930,10,10,5.4,1,49.16,35,1.41,48.47,1
NH-00854,Hyderabad,1,3,1379,26,3,9,3.2,4.3,Fully-Furnished,2,0,4780,3,14,6.9,0,89.15,33,3.8,85.76,1
NH-00416,Bengaluru,1,3,1812,11,27,28,0.51,9.8,Semi-Furnished,1,0,8980,3,17,5.5,1,203.1,8,2.15,198.73,1
NH-00677,Hyderabad,1,3,1581,13,4,10,5.02,5.3,Semi-Furnished,1,1,5550,7,16,4.5,0,109.74,141,5.83,103.34,0
NH-00535,Bengaluru,3,3,1287,26,14,14,0.44,1.9,Unfurnished,2,0,5300,13,13,7.2,0,50.8,59,3.74,48.9,0
NH-00235,Hyderabad,2,3,1453,6,4,12,11.16,5.9,Semi-Furnished,1,0,6520,8,11,7.2,0,68.7,49,2.93,66.69,0
NH-00681,Hyderabad,2,1,548,20,3,5,0.2,3.8,Unfurnished,1,0,2110,11,10,5.7,0,26.58,73,2.38,25.95,0
NH-00582,Pune,3,1,552,13,10,10,11.21,1.2,Fully-Furnished,1,0,1890,11,12,6.2,0,20.55,210,10.44,18.4,0
NH-00402,Hyderabad,2,3,1588,9,2,6,1.15,1.5,Unfurnished,1,0,6600,10,13,7.1,1,85.1,103,4.49,81.28,0
NH-00699,Bengaluru,1,2,1015,9,3,8,1.38,4.6,Unfurnished,1,0,3520,6,11,6.1,0,88.07,60,3.21,85.24,0
NH-00439,Bengaluru,3,1,643,8,2,12,0.58,3.5,Unfurnished,1,0,2640,6,9,6.1,0,35.03,78,4.61,33.42,0
NH-00528,Bengaluru,3,1,653,13,4,14,0.63,4,Semi-Furnished,2,0,2250,5,8,6.5,0,35.73,124,6.98,33.24,0
NH-01186,Pune,3,2,1245,22,5,7,0.21,2.9,Unfurnished,2,0,5490,12,16,4.7,0,49.27,36,1.72,48.42,1
NH-00718,Pune,1,4,2092,16,5,9,1.32,5.6,Unfurnished,1,0,9780,4,16,5.2,1,133.13,13,1.02,131.77,1
NH-01176,Pune,1,3,1707,6,7,12,2.2,8.9,Unfurnished,1,0,7290,4,14,6.1,1,147.49,54,1.37,145.47,0
NH-00133,Bengaluru,2,2,921,2,4,8,0.85,4.2,Semi-Furnished,1,1,2510,13,16,7.2,0,75.42,68,3.54,72.75,0
NH-00739,Bengaluru,2,3,1886,10,11,14,3.04,5.1,Unfurnished,1,1,6110,20,16,5.6,1,142.44,14,1.27,140.63,1
NH-00030,Bengaluru,3,1,689,6,6,13,6.48,2.1,Semi-Furnished,2,0,2260,12,12,6.4,0,34.81,72,4.58,33.22,0
NH-00640,Pune,2,3,1237,15,10,12,5.55,6.6,Semi-Furnished,1,0,5070,6,12,8.2,1,62.77,33,3.22,60.75,1
NH-00239,Bengaluru,2,3,1510,26,10,24,3.1,3.1,Unfurnished,2,0,5340,5,15,6.5,0,92.78,287,18.1,75.99,0
NH-00324,Pune,1,3,1393,10,5,26,2.56,6.9,Semi-Furnished,1,1,5830,10,25,5.5,1,123.2,17,3.66,118.69,1
NH-00629,Bengaluru,2,3,1374,7,7,20,3.7,4.4,Unfurnished,2,1,4980,5,14,5.6,1,92.89,52,3.7,89.45,0
NH-01339,Bengaluru,2,2,926,20,3,14,2.51,9.5,Unfurnished,2,0,3240,6,13,4.9,0,58.89,50,1.17,58.2,0
NH-00770,Bengaluru,3,2,1097,15,2,12,4.86,3.9,Semi-Furnished,1,0,4640,4,13,5.1,1,48.33,62,4.34,46.23,0
NH-01363,Hyderabad,1,2,1129,8,1,25,1.72,6.3,Semi-Furnished,1,0,3830,11,18,5.9,0,90.71,42,4.4,86.72,1
NH-01299,Hyderabad,1,3,1906,10,9,11,1.56,3.7,Fully-Furnished,2,0,8170,8,14,4.3,0,159.34,29,3.77,153.33,1
NH-01021,Bengaluru,2,2,836,13,2,9,1.38,1.5,Semi-Furnished,1,1,2610,9,13,4.1,1,56.84,43,1.85,55.79,1
NH-00380,Hyderabad,1,3,1454,8,6,16,0.8,8.2,Unfurnished,1,0,7890,8,21,2.8,0,108.86,18,0,108.86,1
NH-00748,Bengaluru,2,2,968,13,3,11,0.29,3,Semi-Furnished,1,0,3540,16,12,4.4,0,68.58,58,5.05,65.12,0
NH-01055,Pune,2,2,1117,18,1,6,1.55,6.4,Fully-Furnished,1,0,5680,16,12,6.5,0,64.17,68,2.88,62.32,0
NH-00351,Pune,2,3,1149,6,6,22,4.68,5.5,Unfurnished,1,0,5000,8,12,5.5,1,64.51,26,0.87,63.95,1
NH-00052,Hyderabad,2,2,1053,17,6,25,2.62,1.2,Semi-Furnished,0,0,3810,4,9,5.9,0,51.57,252,12.84,44.95,0
NH-00508,Bengaluru,2,2,1080,32,3,7,0.97,2,Semi-Furnished,2,1,3350,5,15,8.8,1,65.79,71,6.33,61.63,0
NH-01061,Hyderabad,2,2,839,38,2,12,2.21,2.8,Semi-Furnished,1,0,3470,5,10,7.6,1,26.86,40,1.34,26.5,1
NH-01103,Bengaluru,3,2,890,13,6,13,1.64,1.9,Unfurnished,1,0,2900,10,19,5.2,0,43.15,86,5.15,40.93,0
NH-01038,Bengaluru,3,3,1488,28,1,12,0.99,4.3,Semi-Furnished,1,0,4930,7,14,4.4,1,65.06,21,3.48,62.8,1
NH-01083,Bengaluru,1,3,1288,12,11,17,0.64,4.2,Semi-Furnished,2,0,4450,8,14,5.9,1,126.54,44,4.06,121.4,1
NH-00576,Hyderabad,1,1,484,11,25,27,0.86,7.4,Semi-Furnished,1,0,1490,3,16,3.8,0,41.01,25,3.83,39.44,1
NH-00234,Bengaluru,3,1,681,12,8,9,8.21,4.1,Unfurnished,1,0,2370,11,9,5.8,1,28.48,42,1.92,27.93,1
NH-01224,Pune,1,4,1900,21,21,32,4.56,6.3,Semi-Furnished,1,0,7350,10,18,4.5,0,117.46,21,0.61,116.74,1
NH-00744,Hyderabad,2,3,1699,19,2,13,0.8,3,Unfurnished,1,0,4690,2,16,3.5,0,82.34,66,1.7,80.94,0
NH-00479,Bengaluru,2,3,1458,7,1,8,0.2,8.2,Unfurnished,1,0,6990,12,17,5.8,0,106.64,19,0,106.64,1
NH-01000,Hyderabad,3,3,1180,6,1,4,5.03,8.1,Semi-Furnished,1,1,5190,6,13,5.8,0,54.18,72,6.52,50.65,0
NH-00194,Pune,2,4,2039,8,8,13,1.63,5.4,Semi-Furnished,2,1,6380,8,17,9.6,0,170.1,44,8.24,156.08,1
NH-00405,Bengaluru,1,4,2191,7,24,25,1.69,6.2,Unfurnished,2,1,7410,22,10,5.5,1,276.11,16,3.06,267.66,1
NH-01070,Hyderabad,2,3,1809,7,18,24,2.95,6.9,Unfurnished,1,0,9190,6,13,7,1,113.03,52,4.09,108.41,0
NH-00884,Pune,3,2,710,12,8,12,1.13,1.7,Fully-Furnished,2,0,1620,4,10,6.6,1,32.65,62,2.15,31.95,0
NH-00488,Bengaluru,2,2,1033,24,1,13,3.81,1.9,Semi-Furnished,0,1,3910,5,18,7,1,66.22,82,7.24,61.43,0
NH-01049,Pune,3,4,2236,17,3,11,8.69,2.9,Semi-Furnished,1,0,5780,17,11,5.9,1,91.9,72,6.23,86.17,0
NH-00472,Pune,3,2,1272,20,4,5,4.9,5.2,Unfurnished,1,0,5300,7,9,5,1,43.5,65,4.53,41.53,0
NH-00257,Pune,1,3,1552,13,24,24,0.69,7.4,Semi-Furnished,1,0,3840,12,7,7.5,0,133.22,21,3.58,128.45,1
NH-00895,Pune,2,4,2594,17,8,15,0.25,6.6,Semi-Furnished,1,0,10790,5,14,4.2,0,179.29,27,1.24,177.07,1
NH-01276,Bengaluru,3,1,644,17,1,10,13.4,3.1,Semi-Furnished,1,0,2600,9,14,5.3,0,21.93,99,4.95,20.84,0
NH-00139,Bengaluru,2,3,1361,4,18,19,1.59,4.1,Fully-Furnished,1,0,5080,5,15,7,0,107.74,94,3.87,103.57,0
NH-00492,Pune,3,3,1711,30,11,11,1.48,4.4,Fully-Furnished,1,0,8150,7,16,4.8,0,64.49,63,2.63,62.79,0
NH-01147,Hyderabad,2,1,656,15,5,14,0.2,4.2,Semi-Furnished,2,1,2890,11,19,8,1,38.51,25,3.6,37.12,1
NH-00579,Bengaluru,1,2,939,14,2,15,3.37,4.9,Unfurnished,2,0,3450,11,18,5.4,0,72.66,52,3.37,70.21,0
NH-00707,Bengaluru,1,2,1161,5,2,8,3.68,8.4,Unfurnished,1,0,5300,10,12,3.5,0,117.11,22,3.16,113.41,1
NH-00207,Hyderabad,1,3,1366,21,1,22,1.07,7.1,Semi-Furnished,1,1,6300,13,12,4.4,0,86.72,18,0.84,85.99,1
NH-01201,Hyderabad,1,1,481,30,12,19,5.61,2.1,Unfurnished,0,0,1840,10,15,2.7,0,26.49,67,7.88,24.4,0
NH-00849,Pune,2,2,1236,18,10,15,1.27,4,Unfurnished,1,0,5070,8,9,4.3,0,67.54,14,3.87,64.93,1
NH-01232,Bengaluru,1,2,1039,18,15,30,4.78,8.9,Fully-Furnished,2,0,5230,4,12,5.8,1,107.21,78,9.11,97.44,0
NH-00001,Hyderabad,1,1,679,24,17,25,1.46,6.3,Semi-Furnished,1,1,2870,5,22,6.1,1,50.71,34,4.15,48.61,1
NH-00227,Bengaluru,2,1,696,11,22,25,0.3,6.6,Unfurnished,1,0,3580,6,13,7.4,1,54.59,53,5.8,51.42,0
NH-00250,Hyderabad,3,3,1008,7,1,10,12.91,5.8,Fully-Furnished,1,0,3710,16,9,4.3,0,34.69,76,2.14,33.95,0
NH-00890,Bengaluru,2,3,1300,17,8,21,0.69,3.1,Unfurnished,1,0,5180,2,18,8,0,85.12,78,4.79,81.04,0
NH-01133,Bengaluru,1,2,1301,21,4,27,8.81,5,Fully-Furnished,1,0,5280,13,20,8,0,102.62,214,10.73,91.61,0
NH-00706,Hyderabad,1,2,999,9,26,28,9.35,6.9,Fully-Furnished,2,0,5360,10,21,8.2,0,71.19,23,1.98,69.78,1
NH-00980,Pune,1,3,1325,8,30,32,1.42,5.8,Semi-Furnished,2,0,5630,6,17,6.9,0,122.29,22,2.93,118.71,1
NH-01030,Pune,3,3,1567,13,1,6,4.47,4.1,Semi-Furnished,0,0,4470,13,8,4.6,0,65.43,64,5.88,61.58,0
NH-00284,Pune,1,2,1078,29,2,24,0.21,8.5,Unfurnished,1,0,6750,2,11,5.1,0,83.8,30,5.6,79.11,1
NH-00314,Pune,1,1,527,17,17,33,1.88,5,Fully-Furnished,1,1,2390,7,12,5.2,0,45.7,25,3.32,44.18,1
NH-00597,Pune,3,2,1020,12,8,12,0.2,7.7,Unfurnished,1,0,5190,11,8,8.6,0,46.32,17,0.7,46,1
NH-00060,Pune,2,3,1240,8,5,5,3.75,7.9,Fully-Furnished,2,0,5390,17,13,7.5,0,80.96,35,1.35,79.87,1
NH-00048,Bengaluru,2,2,1257,18,5,12,4.4,5.7,Fully-Furnished,0,0,5010,10,19,5.3,0,80.2,17,3.32,77.54,1
NH-01316,Hyderabad,1,3,1201,30,9,26,0.2,6,Semi-Furnished,1,0,4520,6,18,7.2,1,73.82,45,2.09,72.28,1
NH-01265,Hyderabad,3,3,1414,9,1,11,3.06,3,Semi-Furnished,2,0,4470,13,10,8.7,0,56.57,117,2.83,54.97,0
NH-00987,Pune,2,2,1156,13,4,6,1.84,4.2,Semi-Furnished,1,1,5210,14,14,6.3,0,68,49,1.81,66.77,0
NH-00970,Bengaluru,1,2,963,8,4,18,0.2,5.7,Semi-Furnished,1,0,3700,6,10,2.9,0,98.99,38,4,95.03,1
NH-01354,Pune,3,3,1297,10,11,12,1.89,0,Semi-Furnished,0,0,4510,13,14,4.1,0,58.03,102,7.69,53.57,0
NH-01340,Bengaluru,1,1,664,22,5,27,1.9,5.7,Semi-Furnished,1,0,2350,9,18,8,0,61.86,24,6.18,58.04,1
NH-00759,Hyderabad,3,3,1577,7,2,8,7.26,3.6,Fully-Furnished,1,0,6400,16,10,4.8,1,64.27,23,3.73,61.87,1
NH-00979,Hyderabad,3,3,1453,11,6,10,6.96,1.6,Unfurnished,0,0,5040,17,10,6.1,1,51.15,37,2.36,49.94,1
NH-01304,Pune,3,1,673,31,7,8,1.89,2.5,Semi-Furnished,1,0,2590,4,12,4.9,0,22.39,24,1.53,22.05,1
NH-00313,Hyderabad,2,2,1177,10,9,14,3.11,6.5,Fully-Furnished,1,0,3890,4,16,5.1,0,73.57,100,7.79,67.84,0
NH-00092,Pune,2,2,1018,7,11,16,2.07,7.8,Unfurnished,1,0,3550,11,21,6.6,1,58.66,19,2.23,57.35,1
NH-00722,Pune,3,2,1120,6,4,5,4.82,4.8,Unfurnished,1,0,4620,9,15,10,1,52.93,49,4.11,50.75,0
NH-00735,Pune,3,2,909,1,4,5,8.73,3,Unfurnished,1,1,3670,12,12,4.8,0,39.46,77,6.18,37.02,0
NH-00812,Pune,3,3,1464,8,3,8,1.71,9.2,Fully-Furnished,2,0,9160,10,18,7.1,1,80.4,34,4,77.18,1
NH-00460,Hyderabad,3,2,1119,11,2,10,3.54,4.8,Semi-Furnished,1,0,4460,3,9,5,0,47.47,66,5.52,44.85,0
NH-01319,Hyderabad,2,2,931,10,20,22,0.29,5.6,Semi-Furnished,1,1,3810,11,13,7.6,0,53.01,27,1.1,52.43,1
NH-00850,Pune,1,2,856,28,2,13,4.91,1.8,Semi-Furnished,1,0,2730,12,22,5.9,1,58.3,43,8.62,53.27,1
NH-00384,Bengaluru,3,2,922,12,8,8,0.84,5.1,Semi-Furnished,1,0,3930,5,19,6,0,51.32,57,4.44,49.04,0
NH-00018,Bengaluru,1,3,1618,18,3,20,5.83,4.8,Unfurnished,0,0,7660,8,23,7.9,0,103.88,34,3.75,99.98,1
NH-00956,Hyderabad,3,3,1281,7,7,12,7.16,5.3,Semi-Furnished,2,0,4460,12,8,2.6,0,52.66,89,4.68,50.2,0
NH-01397,Pune,3,2,908,17,13,14,2.47,4,Fully-Furnished,1,0,3190,1,10,5.4,0,43.31,53,6.88,40.33,0
NH-01067,Pune,3,1,614,6,4,12,10.48,1.9,Unfurnished,0,0,1960,6,11,7.5,0,22.74,46,4.33,21.76,0
NH-01210,Hyderabad,1,2,1024,5,22,22,3.08,4.5,Semi-Furnished,1,0,4190,5,16,3.6,0,82.95,31,2.14,81.17,1
NH-00988,Pune,2,3,1451,7,1,5,0.2,2,Unfurnished,1,0,5750,10,13,5,0,91.08,117,6.91,84.79,0
NH-01015,Hyderabad,2,4,2242,21,23,23,1.81,1.7,Fully-Furnished,1,0,6450,14,20,7.4,1,133.17,61,6.49,124.53,0
NH-01358,Hyderabad,3,1,745,20,6,10,4.32,1.4,Fully-Furnished,1,0,2710,9,14,6.1,0,25.14,24,1.15,24.85,1
NH-01330,Bengaluru,2,3,1356,18,14,20,8.47,6,Semi-Furnished,1,1,6440,16,10,6.4,1,80.41,80,5.73,75.8,0
NH-00126,Bengaluru,2,2,1065,6,8,11,1.33,5.7,Unfurnished,1,0,4440,11,20,2.8,0,72.96,22,1.5,71.87,1
NH-00512,Pune,1,2,929,32,7,10,0.2,4.1,Semi-Furnished,1,0,4530,25,21,6.8,0,61.1,27,0.96,60.51,1
NH-00077,Bengaluru,3,2,1054,17,9,11,1.35,4.4,Fully-Furnished,0,0,3620,4,15,6.7,1,46.61,61,3.75,44.86,0
NH-00931,Hyderabad,2,1,751,29,11,23,0.81,4,Unfurnished,2,0,2560,7,12,7.1,0,34.53,55,3.26,33.4,0
NH-00142,Pune,3,2,1078,7,3,5,7.18,2.1,Semi-Furnished,1,1,2850,7,9,6.4,0,43.44,60,5.29,41.14,0
NH-00586,Bengaluru,2,3,1405,10,8,22,0.9,6.5,Semi-Furnished,2,0,6330,6,7,6.1,1,113.43,19,3.15,109.86,1
NH-00819,Bengaluru,3,1,606,32,2,8,8.24,2.5,Semi-Furnished,1,0,2070,8,12,7,0,19.04,108,4.69,18.15,0
NH-01360,Bengaluru,2,2,945,28,5,7,3.4,3.5,Semi-Furnished,0,0,3850,5,15,7.6,0,49.3,129,5.52,46.58,0
NH-00788,Bengaluru,2,3,1432,6,5,24,7.14,7,Semi-Furnished,1,1,7470,9,14,5.7,1,98.78,28,3.17,95.65,1
NH-00556,Hyderabad,3,3,1355,6,7,14,9.08,2,Semi-Furnished,1,0,5180,10,10,6.2,0,50.48,266,10.84,45.01,0
NH-01177,Hyderabad,2,3,1642,10,17,22,0.95,1.8,Semi-Furnished,0,0,5690,3,15,5.7,0,84.14,122,5.87,79.2,0
NH-01057,Pune,3,2,979,12,12,14,3.74,3.9,Semi-Furnished,2,0,3280,7,16,3.3,0,47.31,196,11.5,41.87,0
NH-00016,Bengaluru,2,2,1057,28,2,5,3.89,5,Semi-Furnished,1,0,4430,15,14,6.6,0,57.1,35,0.91,56.58,1
NH-00436,Bengaluru,3,2,963,35,2,11,2.07,5.2,Semi-Furnished,0,0,2670,14,12,2.3,1,40.01,126,9.06,36.39,0
NH-00499,Bengaluru,1,3,1353,9,2,19,3.27,6.2,Semi-Furnished,1,0,7870,4,26,5.5,1,128.64,17,4.76,122.52,1
NH-00620,Hyderabad,2,2,956,10,13,16,4.74,3.5,Fully-Furnished,2,0,3680,8,14,9.6,1,52.79,13,2.58,51.43,1
NH-00451,Hyderabad,2,2,1073,4,2,18,1.79,6.4,Fully-Furnished,0,0,3610,3,12,1.3,1,57.5,35,2.15,56.26,1
NH-00767,Bengaluru,1,2,1049,27,6,10,0.57,3.9,Semi-Furnished,0,0,3160,10,17,10,0,80.58,89,5.06,76.5,0
NH-00036,Bengaluru,2,2,1061,22,11,21,2.42,3.8,Unfurnished,1,0,3670,9,8,4.5,0,61.3,45,2.29,59.9,1
NH-00948,Hyderabad,3,2,992,28,7,14,1.19,3.6,Semi-Furnished,1,0,5000,3,9,4.3,0,38.69,87,7.43,35.82,0
NH-01250,Pune,3,2,855,38,4,11,4.16,3.3,Unfurnished,0,1,3710,9,11,4.4,0,30.44,60,7.94,28.02,0
NH-01197,Bengaluru,3,1,699,9,14,14,4.19,2.2,Unfurnished,2,0,2860,8,10,6.6,0,35.54,34,5.11,33.72,1
NH-00982,Bengaluru,3,3,1169,17,2,12,2.31,5.6,Semi-Furnished,1,0,4710,5,20,7.8,1,56.24,44,2.06,55.08,1
NH-00242,Hyderabad,2,3,1465,5,3,20,1.96,6.6,Semi-Furnished,1,0,4960,4,9,7,0,91.59,19,3.59,88.3,1
NH-00530,Hyderabad,2,2,976,19,12,25,3.22,6.8,Semi-Furnished,1,0,4570,12,15,7.8,1,54.43,97,9.15,49.45,0
NH-00344,Pune,3,2,1249,18,2,5,1.11,2.8,Fully-Furnished,1,0,4030,7,10,6.1,1,54.83,44,7.03,50.98,1
NH-01181,Pune,3,2,844,22,3,7,0.57,0.7,Unfurnished,1,0,2780,7,15,4.2,0,33.03,79,7.28,30.63,0
NH-01324,Pune,2,2,999,3,9,14,3.28,5,Unfurnished,1,0,4370,11,13,10,0,65.16,27,4.24,62.4,1
NH-00887,Pune,2,1,562,37,17,25,5.26,0,Unfurnished,1,0,2120,10,13,7.5,0,19.95,47,5.26,18.9,0
NH-00507,Pune,1,2,1202,6,2,33,0.53,8.8,Semi-Furnished,1,0,5750,11,17,3,0,111.71,36,1.77,109.73,1
NH-01393,Bengaluru,3,2,1122,15,4,6,4.06,4.2,Unfurnished,1,0,5310,15,13,3.9,1,48.62,115,4,46.68,0
NH-00216,Hyderabad,2,2,1062,1,14,15,1.33,6,Unfurnished,2,0,5420,8,17,3.3,0,67.79,19,1.67,66.66,1
NH-00209,Pune,3,4,2416,3,10,11,6.18,6.7,Semi-Furnished,2,1,7770,7,11,3.1,0,148.17,250,11.65,130.91,0
NH-00946,Bengaluru,3,4,2192,10,2,8,2.06,4.1,Semi-Furnished,1,0,8530,7,17,6.7,1,121.05,129,6.54,113.13,0
NH-00065,Bengaluru,3,3,1544,8,1,6,0.2,2.9,Semi-Furnished,2,0,5990,10,15,8,0,73.92,52,3.51,71.33,0
NH-00011,Pune,1,2,1023,22,21,26,0.56,3.8,Semi-Furnished,1,0,4180,7,20,7,0,90.3,48,8.17,82.92,0
NH-01203,Pune,2,1,526,2,3,12,2.14,5.7,Semi-Furnished,1,0,2280,6,12,8.2,1,36.71,58,5.39,34.73,0
NH-00253,Bengaluru,1,3,1709,7,2,8,1.01,6.7,Unfurnished,1,0,7150,11,20,7.8,0,174.28,14,4.84,165.84,1
NH-00604,Hyderabad,1,3,1545,2,16,22,2.01,,Semi-Furnished,1,1,7070,12,20,5.8,0,145.64,25,0,145.64,1
NH-00806,Pune,1,3,1647,20,1,18,6.3,5.2,Semi-Furnished,1,0,6160,9,17,7.3,1,103.34,83,2.58,100.67,0
NH-01286,Bengaluru,1,3,1353,9,26,32,2.27,5.9,Unfurnished,1,0,4640,11,18,4.7,0,110.94,18,0.22,110.7,1
NH-01125,Hyderabad,1,3,1427,10,23,32,1.1,5.3,Fully-Furnished,1,0,6090,13,22,3.8,1,115.23,31,1.63,113.35,1
NH-01192,Pune,1,1,853,6,5,26,1.21,2.5,Unfurnished,1,0,2500,7,22,5.1,0,64.83,21,3.01,62.88,1
NH-00315,Bengaluru,3,1,581,8,10,10,0.86,4.6,Semi-Furnished,0,0,2050,10,8,6.6,0,31.77,59,2.2,31.07,0
NH-00519,Bengaluru,1,1,614,24,15,21,0.49,4.2,Semi-Furnished,0,0,2530,17,22,4.3,0,55.52,42,7.58,51.31,1
NH-00466,Hyderabad,3,1,686,7,3,7,2.72,4.5,Semi-Furnished,1,0,2720,2,10,6.1,0,26.73,71,2.69,26.01,0
NH-00932,Bengaluru,1,2,940,18,5,10,0.2,5.6,Semi-Furnished,1,0,3480,13,16,6.7,0,87.09,81,5.5,82.3,0
NH-00964,Hyderabad,2,2,816,16,7,21,0.71,9.1,Semi-Furnished,2,0,4690,19,16,5.3,1,48.96,17,1.04,48.45,1
NH-00843,Pune,3,3,1505,2,5,11,0.72,4.5,Semi-Furnished,2,0,4740,3,9,6.8,0,79.61,117,4.73,75.84,0
NH-00368,Pune,2,1,724,13,16,19,1.1,5.3,Unfurnished,1,0,3190,4,17,4.5,0,46.32,28,4.24,44.36,1
NH-00146,Bengaluru,2,3,1644,20,1,5,2.45,3.1,Unfurnished,1,1,6900,12,14,6.8,0,106.1,62,7.57,98.07,0
NH-00363,Bengaluru,2,2,946,16,5,6,0.25,5.5,Semi-Furnished,1,0,3540,7,19,4.6,0,65.69,32,4.23,62.91,1
NH-00631,Hyderabad,2,2,913,13,2,7,1.08,1.3,Unfurnished,1,0,3810,4,13,6.5,1,40.9,17,0.64,40.64,1
NH-00091,Bengaluru,2,2,1015,7,8,12,0.2,7.9,Fully-Furnished,1,1,4750,9,20,6.1,1,91.89,9,2.46,89.63,1
NH-00322,Hyderabad,2,3,1388,12,9,14,5.41,4.7,Unfurnished,1,0,5240,3,20,4.9,0,66,99,4.69,62.9,0
NH-00186,Pune,2,3,1319,22,5,9,0.9,6,Fully-Furnished,1,0,4740,17,14,4.7,0,77.38,184,10.11,69.56,0
NH-00925,Bengaluru,2,3,1646,30,5,16,0.2,5.5,Unfurnished,2,0,6130,24,9,8,0,99.6,30,2.69,96.92,1
NH-01157,Hyderabad,2,2,1084,2,12,21,4.83,2.8,Semi-Furnished,1,0,4150,12,15,7.6,0,65.45,105,7.31,60.67,0
NH-00869,Bengaluru,2,3,1569,17,10,20,3.87,8.6,Fully-Furnished,2,0,5190,8,13,4.6,0,119.21,94,7.6,110.15,0
NH-00757,Pune,2,3,1753,15,3,13,0.33,1.1,Semi-Furnished,0,0,5240,8,12,3,0,94.69,70,4,90.9,0
NH-00120,Hyderabad,2,2,1072,11,12,14,2.25,9.4,Semi-Furnished,0,1,4430,9,14,4.3,0,65.92,19,2.23,64.45,1
NH-01063,Bengaluru,2,3,1792,7,4,11,0.82,3.8,Unfurnished,0,1,7250,25,17,4.1,0,120.95,40,4.14,115.94,1
NH-00841,Bengaluru,2,3,1536,9,13,23,4.14,0.8,Unfurnished,1,0,4200,13,16,7,1,87.28,65,4.53,83.33,0
NH-00494,Bengaluru,3,1,592,16,1,5,1.83,0,Unfurnished,1,0,1900,17,10,6.1,1,26.62,55,4.73,25.36,0
NH-00444,Bengaluru,1,2,1141,18,18,34,2.87,6.2,Fully-Furnished,2,1,4980,9,15,4.9,0,112.23,55,5.89,105.62,0
NH-00339,Hyderabad,3,2,1115,12,11,13,3.61,6.4,Unfurnished,1,0,3950,7,15,2.5,0,46.84,121,5.93,44.06,0
NH-01109,Pune,2,3,1143,30,13,23,1.55,4.6,Semi-Furnished,1,0,6050,14,15,6.8,0,54.99,50,3.83,52.88,0
NH-00225,Bengaluru,2,1,653,10,7,8,0.52,3.8,Unfurnished,2,0,2880,10,14,7.4,0,46.2,23,2.08,45.24,1
NH-00020,Hyderabad,1,2,891,11,10,31,6.8,4.9,Fully-Furnished,1,0,3150,6,15,3.2,1,65.65,53,6.38,61.46,0
NH-01097,Bengaluru,2,3,1500,12,17,19,1.62,6.7,Unfurnished,0,0,6430,14,22,5.6,0,107.28,37,4.08,102.9,1
NH-00419,Bengaluru,2,2,908,13,1,15,0.2,5.5,Fully-Furnished,0,0,3190,11,12,6.6,0,62.36,25,2.37,60.88,1
NH-01100,Pune,3,3,1508,7,8,11,1.73,5.1,Fully-Furnished,2,0,5350,3,8,4.7,0,69.61,34,1.43,68.61,1
NH-00992,Pune,3,2,1008,5,2,11,5.02,1.1,Semi-Furnished,1,0,3330,14,14,2.4,1,43.04,60,2.04,42.16,0
NH-00386,Hyderabad,1,3,1562,13,1,20,3.98,8.4,Semi-Furnished,0,0,7300,5,19,5.5,0,118.88,35,4.32,113.74,1
NH-00930,Bengaluru,3,1,628,6,3,11,9.5,6.9,Fully-Furnished,1,0,3590,5,9,7.1,0,33.01,26,3.26,31.93,1
NH-00453,Bengaluru,2,2,939,17,23,23,3.63,4.4,Semi-Furnished,1,0,3410,14,12,5.8,1,58.5,33,2.73,56.9,1
NH-00265,Pune,3,3,1615,18,12,14,8.7,10,Semi-Furnished,2,0,7910,16,12,3.2,1,68.42,23,3.45,66.06,1
NH-01065,Bengaluru,1,2,1179,13,17,17,0.2,7,Fully-Furnished,2,0,5920,18,18,3.9,0,120.58,42,2.34,117.76,1
NH-00161,Bengaluru,2,1,602,19,1,8,3.06,7,Unfurnished,2,0,2420,4,10,5.1,0,35.36,80,3.58,34.09,0
NH-00111,Bengaluru,1,2,1025,26,24,27,0.2,5.5,Unfurnished,0,0,4000,25,16,6.2,1,84.86,26,2.63,82.63,1
NH-00304,Hyderabad,3,3,1117,38,6,9,0.86,2.5,Semi-Furnished,1,1,4090,10,14,3.6,0,37.78,101,6.54,35.31,0
NH-01377,Bengaluru,2,1,590,19,4,9,1.16,,Unfurnished,0,1,1950,4,23,4.6,0,36.51,53,1.96,35.79,0
NH-00049,Bengaluru,2,2,1272,7,9,14,2.49,7.2,Semi-Furnished,2,1,7510,3,12,6.2,0,96.42,107,5.5,91.12,0
NH-00510,Pune,3,3,1312,21,1,5,6.44,4.2,Semi-Furnished,2,0,5070,5,11,7.6,0,53.92,88,7.72,49.76,0
NH-00019,Bengaluru,1,3,1710,5,5,18,2.05,5,Semi-Furnished,2,0,6480,6,18,5.9,1,182.8,51,6.09,171.67,0
NH-01068,Hyderabad,3,2,915,13,11,14,0.73,5,Unfurnished,1,0,4590,9,10,7.7,0,37,75,1.99,36.26,0
NH-01298,Pune,2,3,1684,19,6,19,1.42,4.3,Semi-Furnished,1,0,5840,5,13,4.6,1,86.71,30,2.97,84.13,1
NH-00935,Bengaluru,2,2,999,12,2,19,2.92,5.7,Unfurnished,1,0,3770,6,7,4.9,1,58.41,37,2.54,56.93,1
NH-01115,Bengaluru,2,1,596,8,21,22,0.2,1.7,Unfurnished,1,0,1540,3,16,6.7,1,43.85,54,5.11,41.61,0
NH-00886,Pune,2,2,1010,4,1,16,0.8,,Fully-Furnished,1,0,3640,8,16,9.3,1,70.54,45,0.56,70.14,1
NH-00276,Hyderabad,1,2,1014,15,2,12,1.24,7,Unfurnished,0,0,4360,10,15,4.6,1,69.55,27,3.91,66.83,1
NH-00115,Pune,1,2,957,13,11,13,0.72,6.3,Unfurnished,1,0,3840,16,14,2.6,0,79.4,44,2.64,77.3,1
NH-01353,Bengaluru,2,2,983,19,4,21,0.42,5.3,Unfurnished,1,0,3650,8,5,5.1,0,54.24,48,3.27,52.47,0
NH-00728,Hyderabad,3,3,1405,13,4,5,9.08,0.3,Semi-Furnished,2,0,5290,7,7,6,0,47.63,68,5.71,44.91,0
NH-01156,Bengaluru,2,2,1000,4,1,11,0.48,8.1,Unfurnished,2,0,3870,5,15,5.8,1,81.86,39,3.44,79.04,1
NH-00002,Hyderabad,2,2,944,24,17,20,6.76,5.4,Unfurnished,0,1,5360,14,22,8.2,0,47.78,73,10.07,42.97,0
NH-00228,Hyderabad,2,4,1714,28,19,19,4.93,3.8,Semi-Furnished,1,0,5460,9,16,5,0,83.02,193,10.42,74.37,0
NH-00134,Hyderabad,3,2,950,8,4,5,2.19,5.1,Unfurnished,2,0,4720,11,8,6.7,0,41.08,25,2.12,40.21,1
NH-00249,Hyderabad,2,1,600,12,8,23,0.87,6.8,Semi-Furnished,1,0,2780,21,13,5.6,1,36.4,37,4.71,34.69,1
NH-01308,Hyderabad,2,3,1419,8,4,19,0.8,4.5,Unfurnished,2,0,5030,6,17,4.5,0,82.62,40,2.74,80.36,1
NH-00497,Pune,3,2,1109,38,4,10,15,4.5,Semi-Furnished,1,0,5040,9,11,5.3,0,34.13,120,12.63,29.82,0
NH-00961,Hyderabad,2,2,1053,15,20,25,1.64,3.9,Semi-Furnished,1,0,4210,10,9,5.9,0,61.96,67,5.69,58.43,0
NH-00336,Pune,2,2,950,30,23,25,5.79,7.9,Semi-Furnished,1,0,4020,2,15,3.8,1,43.04,39,2.58,41.93,1
NH-00440,Bengaluru,1,3,1243,9,7,8,1.9,7.7,Fully-Furnished,2,0,6120,3,15,6.1,0,126.73,10,1.22,125.18,1
NH-01288,Hyderabad,3,2,817,11,5,12,1.71,5,Unfurnished,1,0,3610,8,19,4.6,0,35.53,54,5.45,33.59,0
NH-01167,Bengaluru,3,2,1028,6,6,9,8.47,9.9,Semi-Furnished,2,0,4380,10,14,4.5,0,54.03,34,1.42,53.26,1
NH-01270,Hyderabad,3,3,1478,14,8,10,10.72,7.1,Semi-Furnished,0,0,6770,12,12,3.4,0,53.24,112,6.47,49.8,0
NH-00813,Bengaluru,1,2,795,4,6,26,3.42,7.2,Unfurnished,1,0,4000,3,16,7.1,0,74.24,31,0.71,73.71,1
NH-01052,Hyderabad,2,1,673,10,11,11,0.32,3.9,Semi-Furnished,1,0,3240,6,20,7.2,1,38.42,19,1.22,37.95,1
NH-00442,Hyderabad,3,3,1276,29,1,9,0.41,2.9,Fully-Furnished,1,0,6220,3,13,5.5,0,39.76,65,2.12,38.92,0
NH-01163,Hyderabad,3,3,1540,22,1,7,1.35,6.5,Unfurnished,1,0,5940,8,10,5.2,0,54.93,105,3.58,52.96,0
NH-01114,Bengaluru,3,4,2616,10,7,12,7.97,4.2,Unfurnished,1,0,8440,14,16,6.5,0,141.62,83,5.7,133.55,0
NH-00839,Hyderabad,3,4,1803,14,6,6,2.46,3.1,Semi-Furnished,1,0,6060,11,13,6.9,1,70.92,83,4.25,67.91,0
NH-01048,Bengaluru,3,2,1091,8,5,9,0.7,4.8,Semi-Furnished,1,0,4700,5,20,8.2,0,59.79,39,1.32,59,1
NH-01104,Bengaluru,3,2,984,10,1,8,1.12,5.2,Semi-Furnished,0,0,3480,12,5,2.7,1,51.22,34,2.93,49.72,1
NH-01150,Bengaluru,2,3,1607,15,3,15,5.96,4.1,Semi-Furnished,2,0,5530,8,6,5.2,0,104.66,108,9.19,95.04,0
NH-00243,Pune,2,2,1150,17,2,10,3.07,4.4,Semi-Furnished,1,0,3260,2,16,5.5,1,65.05,81,5.37,61.56,0
NH-00684,Hyderabad,1,3,1544,17,5,32,0.5,3.1,Unfurnished,0,0,6280,21,16,7,1,99.09,31,2.07,97.04,1
NH-01351,Hyderabad,2,2,1109,20,14,24,8.18,5.8,Semi-Furnished,1,0,3780,3,11,3.7,1,53.49,75,2.91,51.93,0
NH-00658,Bengaluru,2,4,2081,19,11,19,3.21,3.2,Semi-Furnished,1,0,7720,12,19,5.5,0,140.98,74,5.83,132.76,0
NH-00505,Pune,3,2,1250,12,4,6,1.63,1.3,Unfurnished,1,0,3610,9,13,5.6,1,53.17,104,4.9,50.56,0
NH-00409,Pune,2,2,1101,8,8,8,0.67,7,Semi-Furnished,0,1,5760,22,14,7.8,0,73.03,69,2.1,71.5,0
NH-00811,Hyderabad,1,2,1388,3,14,27,3.86,5.7,Semi-Furnished,0,0,5450,12,23,7.5,0,109.68,28,3.82,105.49,1
NH-01106,Bengaluru,2,4,2136,9,11,17,2.77,5.8,Fully-Furnished,1,0,8660,15,15,4.6,0,182.32,68,4.35,174.39,0
NH-01256,Bengaluru,2,2,750,12,5,13,2.67,7.5,Semi-Furnished,1,0,3310,10,18,6.3,0,57.25,61,5.26,54.24,0
NH-01062,Bengaluru,2,1,664,19,10,13,3.29,8.5,Unfurnished,0,0,3810,4,17,4.2,0,40.16,31,3.34,38.82,1
NH-00141,Hyderabad,2,1,717,25,6,16,2.09,3.4,Semi-Furnished,1,0,3210,9,12,4.7,0,39.17,36,8.44,35.86,1
NH-00547,Bengaluru,3,2,1043,6,7,8,9.11,5.2,Semi-Furnished,2,0,5230,5,15,5,0,51.54,36,2.39,50.31,1
NH-00901,Pune,3,3,1821,22,6,6,1.11,3.5,Unfurnished,0,0,8990,9,10,4.9,1,72.59,96,6,68.23,0
NH-00638,Pune,1,2,1066,11,2,11,4.82,7.2,Unfurnished,0,1,5560,4,9,10,0,79.41,21,1.59,78.15,1
NH-01261,Hyderabad,3,3,1590,6,1,9,1.54,7.1,Unfurnished,1,0,7800,12,15,8.7,0,70.88,37,3.09,68.69,1
NH-00689,Pune,2,3,1507,19,2,12,6.91,6,Semi-Furnished,2,1,5360,2,15,7.8,1,81.06,139,6.28,75.97,0
NH-00622,Hyderabad,2,3,1860,16,7,7,0.48,5.9,Semi-Furnished,1,0,8330,12,12,3.8,0,99.66,21,2.62,97.05,1
NH-00851,Hyderabad,2,4,2230,1,3,10,5.43,6.6,Fully-Furnished,1,1,8430,3,14,7.2,0,167.72,108,8.24,153.9,0
NH-00584,Pune,3,1,626,3,1,5,7.69,4.9,Semi-Furnished,0,0,1910,10,13,7.5,0,27.42,20,1.88,26.9,1
NH-00333,Bengaluru,2,3,1495,6,17,21,0.68,9.1,Unfurnished,0,0,8250,11,13,6.4,0,119.06,32,4.05,114.24,1
NH-01294,Pune,2,2,1112,7,8,11,0.59,,Semi-Furnished,1,1,2980,16,10,4.5,1,71.5,28,1.53,70.41,1
NH-01362,Hyderabad,3,3,1345,32,5,6,2.83,2,Semi-Furnished,1,1,4150,9,17,6,0,47.85,184,10.42,42.86,0
NH-01116,Hyderabad,3,2,975,5,3,10,0.24,4.7,Semi-Furnished,1,0,4050,6,21,5.8,1,45.52,26,2.2,44.52,1
NH-01105,Hyderabad,1,3,1585,3,22,26,1.69,4.8,Fully-Furnished,2,0,6240,12,19,5.6,0,137.81,18,2.08,134.94,1